-- MySQL dump 10.13  Distrib 5.5.60, for Win64 (AMD64)
--
-- Host: vrcb-db-prd.cbwvx0gfs8zg.us-east-1.rds.amazonaws.com    Database: vrcb_db
-- ------------------------------------------------------
-- Server version	5.5.5-10.3.8-MariaDB-log

/*!40101 SET @OLD_CHARACTER_SET_CLIENT=@@CHARACTER_SET_CLIENT */;
/*!40101 SET @OLD_CHARACTER_SET_RESULTS=@@CHARACTER_SET_RESULTS */;
/*!40101 SET @OLD_COLLATION_CONNECTION=@@COLLATION_CONNECTION */;
/*!40101 SET NAMES utf8 */;
/*!40103 SET @OLD_TIME_ZONE=@@TIME_ZONE */;
/*!40103 SET TIME_ZONE='+00:00' */;
/*!40014 SET @OLD_UNIQUE_CHECKS=@@UNIQUE_CHECKS, UNIQUE_CHECKS=0 */;
/*!40014 SET @OLD_FOREIGN_KEY_CHECKS=@@FOREIGN_KEY_CHECKS, FOREIGN_KEY_CHECKS=0 */;
/*!40101 SET @OLD_SQL_MODE=@@SQL_MODE, SQL_MODE='NO_AUTO_VALUE_ON_ZERO' */;
/*!40111 SET @OLD_SQL_NOTES=@@SQL_NOTES, SQL_NOTES=0 */;

--
-- Table structure for table `auth_group`
--

DROP TABLE IF EXISTS `auth_group`;
/*!40101 SET @saved_cs_client     = @@character_set_client */;
/*!40101 SET character_set_client = utf8 */;
CREATE TABLE `auth_group` (
  `id` int(11) NOT NULL AUTO_INCREMENT,
  `name` varchar(80) NOT NULL,
  PRIMARY KEY (`id`),
  UNIQUE KEY `name` (`name`)
) ENGINE=InnoDB DEFAULT CHARSET=latin1;
/*!40101 SET character_set_client = @saved_cs_client */;

--
-- Dumping data for table `auth_group`
--

LOCK TABLES `auth_group` WRITE;
/*!40000 ALTER TABLE `auth_group` DISABLE KEYS */;
/*!40000 ALTER TABLE `auth_group` ENABLE KEYS */;
UNLOCK TABLES;

--
-- Table structure for table `auth_group_permissions`
--

DROP TABLE IF EXISTS `auth_group_permissions`;
/*!40101 SET @saved_cs_client     = @@character_set_client */;
/*!40101 SET character_set_client = utf8 */;
CREATE TABLE `auth_group_permissions` (
  `id` int(11) NOT NULL AUTO_INCREMENT,
  `group_id` int(11) NOT NULL,
  `permission_id` int(11) NOT NULL,
  PRIMARY KEY (`id`),
  UNIQUE KEY `auth_group_permissions_group_id_permission_id_0cd325b0_uniq` (`group_id`,`permission_id`),
  KEY `auth_group_permissio_permission_id_84c5c92e_fk_auth_perm` (`permission_id`),
  CONSTRAINT `auth_group_permissio_permission_id_84c5c92e_fk_auth_perm` FOREIGN KEY (`permission_id`) REFERENCES `auth_permission` (`id`),
  CONSTRAINT `auth_group_permissions_group_id_b120cbf9_fk_auth_group_id` FOREIGN KEY (`group_id`) REFERENCES `auth_group` (`id`)
) ENGINE=InnoDB DEFAULT CHARSET=latin1;
/*!40101 SET character_set_client = @saved_cs_client */;

--
-- Dumping data for table `auth_group_permissions`
--

LOCK TABLES `auth_group_permissions` WRITE;
/*!40000 ALTER TABLE `auth_group_permissions` DISABLE KEYS */;
/*!40000 ALTER TABLE `auth_group_permissions` ENABLE KEYS */;
UNLOCK TABLES;

--
-- Table structure for table `auth_permission`
--

DROP TABLE IF EXISTS `auth_permission`;
/*!40101 SET @saved_cs_client     = @@character_set_client */;
/*!40101 SET character_set_client = utf8 */;
CREATE TABLE `auth_permission` (
  `id` int(11) NOT NULL AUTO_INCREMENT,
  `name` varchar(255) NOT NULL,
  `content_type_id` int(11) NOT NULL,
  `codename` varchar(100) NOT NULL,
  PRIMARY KEY (`id`),
  UNIQUE KEY `auth_permission_content_type_id_codename_01ab375a_uniq` (`content_type_id`,`codename`),
  CONSTRAINT `auth_permission_content_type_id_2f476e4b_fk_django_co` FOREIGN KEY (`content_type_id`) REFERENCES `django_content_type` (`id`)
) ENGINE=InnoDB AUTO_INCREMENT=65 DEFAULT CHARSET=latin1;
/*!40101 SET character_set_client = @saved_cs_client */;

--
-- Dumping data for table `auth_permission`
--

LOCK TABLES `auth_permission` WRITE;
/*!40000 ALTER TABLE `auth_permission` DISABLE KEYS */;
INSERT INTO `auth_permission` VALUES (1,'Can add permission',1,'add_permission'),(2,'Can change permission',1,'change_permission'),(3,'Can delete permission',1,'delete_permission'),(4,'Can view permission',1,'view_permission'),(5,'Can add group',2,'add_group'),(6,'Can change group',2,'change_group'),(7,'Can delete group',2,'delete_group'),(8,'Can view group',2,'view_group'),(9,'Can add user',3,'add_user'),(10,'Can change user',3,'change_user'),(11,'Can delete user',3,'delete_user'),(12,'Can view user',3,'view_user'),(13,'Can add content type',4,'add_contenttype'),(14,'Can change content type',4,'change_contenttype'),(15,'Can delete content type',4,'delete_contenttype'),(16,'Can view content type',4,'view_contenttype'),(17,'Can add session',5,'add_session'),(18,'Can change session',5,'change_session'),(19,'Can delete session',5,'delete_session'),(20,'Can view session',5,'view_session'),(21,'Can add cors model',6,'add_corsmodel'),(22,'Can change cors model',6,'change_corsmodel'),(23,'Can delete cors model',6,'delete_corsmodel'),(24,'Can view cors model',6,'view_corsmodel'),(25,'Can add imagen',7,'add_image'),(26,'Can change imagen',7,'change_image'),(27,'Can delete imagen',7,'delete_image'),(28,'Can view imagen',7,'view_image'),(29,'Can add post',8,'add_post'),(30,'Can change post',8,'change_post'),(31,'Can delete post',8,'delete_post'),(32,'Can view post',8,'view_post'),(33,'Can add noticia',9,'add_news'),(34,'Can change noticia',9,'change_news'),(35,'Can delete noticia',9,'delete_news'),(36,'Can view noticia',9,'view_news'),(37,'Can add categoría',10,'add_category'),(38,'Can change categoría',10,'change_category'),(39,'Can delete categoría',10,'delete_category'),(40,'Can view categoría',10,'view_category'),(41,'Can add evento',11,'add_event'),(42,'Can change evento',11,'change_event'),(43,'Can delete evento',11,'delete_event'),(44,'Can view evento',11,'view_event'),(45,'Can add organizador',12,'add_organizer'),(46,'Can change organizador',12,'change_organizer'),(47,'Can delete organizador',12,'delete_organizer'),(48,'Can view organizador',12,'view_organizer'),(49,'Can add Enlace de interés',13,'add_relatedlink'),(50,'Can change Enlace de interés',13,'change_relatedlink'),(51,'Can delete Enlace de interés',13,'delete_relatedlink'),(52,'Can view Enlace de interés',13,'view_relatedlink'),(53,'Can add lugar',14,'add_venue'),(54,'Can change lugar',14,'change_venue'),(55,'Can delete lugar',14,'delete_venue'),(56,'Can view lugar',14,'view_venue'),(57,'Can add slider',15,'add_slider'),(58,'Can change slider',15,'change_slider'),(59,'Can delete slider',15,'delete_slider'),(60,'Can view slider',15,'view_slider'),(61,'Can add log entry',16,'add_logentry'),(62,'Can change log entry',16,'change_logentry'),(63,'Can delete log entry',16,'delete_logentry'),(64,'Can view log entry',16,'view_logentry');
/*!40000 ALTER TABLE `auth_permission` ENABLE KEYS */;
UNLOCK TABLES;

--
-- Table structure for table `auth_user`
--

DROP TABLE IF EXISTS `auth_user`;
/*!40101 SET @saved_cs_client     = @@character_set_client */;
/*!40101 SET character_set_client = utf8 */;
CREATE TABLE `auth_user` (
  `id` int(11) NOT NULL AUTO_INCREMENT,
  `password` varchar(128) NOT NULL,
  `last_login` datetime(6) DEFAULT NULL,
  `is_superuser` tinyint(1) NOT NULL,
  `username` varchar(150) NOT NULL,
  `first_name` varchar(30) NOT NULL,
  `last_name` varchar(150) NOT NULL,
  `email` varchar(254) NOT NULL,
  `is_staff` tinyint(1) NOT NULL,
  `is_active` tinyint(1) NOT NULL,
  `date_joined` datetime(6) NOT NULL,
  PRIMARY KEY (`id`),
  UNIQUE KEY `username` (`username`)
) ENGINE=InnoDB AUTO_INCREMENT=3 DEFAULT CHARSET=latin1;
/*!40101 SET character_set_client = @saved_cs_client */;

--
-- Dumping data for table `auth_user`
--

LOCK TABLES `auth_user` WRITE;
/*!40000 ALTER TABLE `auth_user` DISABLE KEYS */;
INSERT INTO `auth_user` VALUES (1,'pbkdf2_sha256$120000$72AI1gBjenKp$pIZku4BcpIHPD8AX7zX5ONcIJ62P+nIE5gleB4KCTjM=','2019-03-26 22:30:52.416625',1,'vrcbroot','Namtrik','Development','desarrollo@namtrikdev.co',1,1,'2019-03-26 21:22:06.661482'),(2,'pbkdf2_sha256$120000$V9scXg6QbInX$8j2R3IFc5/4pMAqyEm7c9qimfeBh1Skimtk1MRvj8NA=',NULL,0,'vicecb','Vicerrectoría','Cultura y Bienestar','vicecb@unicauca.edu.co',0,1,'2019-03-27 14:25:59.793472');
/*!40000 ALTER TABLE `auth_user` ENABLE KEYS */;
UNLOCK TABLES;

--
-- Table structure for table `auth_user_groups`
--

DROP TABLE IF EXISTS `auth_user_groups`;
/*!40101 SET @saved_cs_client     = @@character_set_client */;
/*!40101 SET character_set_client = utf8 */;
CREATE TABLE `auth_user_groups` (
  `id` int(11) NOT NULL AUTO_INCREMENT,
  `user_id` int(11) NOT NULL,
  `group_id` int(11) NOT NULL,
  PRIMARY KEY (`id`),
  UNIQUE KEY `auth_user_groups_user_id_group_id_94350c0c_uniq` (`user_id`,`group_id`),
  KEY `auth_user_groups_group_id_97559544_fk_auth_group_id` (`group_id`),
  CONSTRAINT `auth_user_groups_group_id_97559544_fk_auth_group_id` FOREIGN KEY (`group_id`) REFERENCES `auth_group` (`id`),
  CONSTRAINT `auth_user_groups_user_id_6a12ed8b_fk_auth_user_id` FOREIGN KEY (`user_id`) REFERENCES `auth_user` (`id`)
) ENGINE=InnoDB DEFAULT CHARSET=latin1;
/*!40101 SET character_set_client = @saved_cs_client */;

--
-- Dumping data for table `auth_user_groups`
--

LOCK TABLES `auth_user_groups` WRITE;
/*!40000 ALTER TABLE `auth_user_groups` DISABLE KEYS */;
/*!40000 ALTER TABLE `auth_user_groups` ENABLE KEYS */;
UNLOCK TABLES;

--
-- Table structure for table `auth_user_user_permissions`
--

DROP TABLE IF EXISTS `auth_user_user_permissions`;
/*!40101 SET @saved_cs_client     = @@character_set_client */;
/*!40101 SET character_set_client = utf8 */;
CREATE TABLE `auth_user_user_permissions` (
  `id` int(11) NOT NULL AUTO_INCREMENT,
  `user_id` int(11) NOT NULL,
  `permission_id` int(11) NOT NULL,
  PRIMARY KEY (`id`),
  UNIQUE KEY `auth_user_user_permissions_user_id_permission_id_14a6b632_uniq` (`user_id`,`permission_id`),
  KEY `auth_user_user_permi_permission_id_1fbb5f2c_fk_auth_perm` (`permission_id`),
  CONSTRAINT `auth_user_user_permi_permission_id_1fbb5f2c_fk_auth_perm` FOREIGN KEY (`permission_id`) REFERENCES `auth_permission` (`id`),
  CONSTRAINT `auth_user_user_permissions_user_id_a95ead1b_fk_auth_user_id` FOREIGN KEY (`user_id`) REFERENCES `auth_user` (`id`)
) ENGINE=InnoDB DEFAULT CHARSET=latin1;
/*!40101 SET character_set_client = @saved_cs_client */;

--
-- Dumping data for table `auth_user_user_permissions`
--

LOCK TABLES `auth_user_user_permissions` WRITE;
/*!40000 ALTER TABLE `auth_user_user_permissions` DISABLE KEYS */;
/*!40000 ALTER TABLE `auth_user_user_permissions` ENABLE KEYS */;
UNLOCK TABLES;

--
-- Table structure for table `django_admin_log`
--

DROP TABLE IF EXISTS `django_admin_log`;
/*!40101 SET @saved_cs_client     = @@character_set_client */;
/*!40101 SET character_set_client = utf8 */;
CREATE TABLE `django_admin_log` (
  `id` int(11) NOT NULL AUTO_INCREMENT,
  `action_time` datetime(6) NOT NULL,
  `object_id` longtext DEFAULT NULL,
  `object_repr` varchar(200) NOT NULL,
  `action_flag` smallint(5) unsigned NOT NULL,
  `change_message` longtext NOT NULL,
  `content_type_id` int(11) DEFAULT NULL,
  `user_id` int(11) NOT NULL,
  PRIMARY KEY (`id`),
  KEY `django_admin_log_content_type_id_c4bce8eb_fk_django_co` (`content_type_id`),
  KEY `django_admin_log_user_id_c564eba6_fk_auth_user_id` (`user_id`),
  CONSTRAINT `django_admin_log_content_type_id_c4bce8eb_fk_django_co` FOREIGN KEY (`content_type_id`) REFERENCES `django_content_type` (`id`),
  CONSTRAINT `django_admin_log_user_id_c564eba6_fk_auth_user_id` FOREIGN KEY (`user_id`) REFERENCES `auth_user` (`id`)
) ENGINE=InnoDB AUTO_INCREMENT=3 DEFAULT CHARSET=latin1;
/*!40101 SET character_set_client = @saved_cs_client */;

--
-- Dumping data for table `django_admin_log`
--

LOCK TABLES `django_admin_log` WRITE;
/*!40000 ALTER TABLE `django_admin_log` DISABLE KEYS */;
INSERT INTO `django_admin_log` VALUES (1,'2019-03-26 22:41:01.059773','3','dfdf-3-2019',1,'[{\"added\": {}}, {\"added\": {\"name\": \"imagen\", \"object\": \"images/apm30v8_700b.jpg\"}}]',9,1),(2,'2019-03-26 22:41:48.488449','4','gjhgj',1,'[{\"added\": {}}, {\"added\": {\"name\": \"imagen\", \"object\": \"images/a5o3dpy_700b.jpg\"}}, {\"added\": {\"name\": \"imagen\", \"object\": \"images/code_585965.jpg\"}}, {\"added\": {\"name\": \"imagen\", \"object\": \"images/22894482_957711624353409_498729511156529374_n.jpg\"}}]',15,1);
/*!40000 ALTER TABLE `django_admin_log` ENABLE KEYS */;
UNLOCK TABLES;

--
-- Table structure for table `django_content_type`
--

DROP TABLE IF EXISTS `django_content_type`;
/*!40101 SET @saved_cs_client     = @@character_set_client */;
/*!40101 SET character_set_client = utf8 */;
CREATE TABLE `django_content_type` (
  `id` int(11) NOT NULL AUTO_INCREMENT,
  `app_label` varchar(100) NOT NULL,
  `model` varchar(100) NOT NULL,
  PRIMARY KEY (`id`),
  UNIQUE KEY `django_content_type_app_label_model_76bd3d3b_uniq` (`app_label`,`model`)
) ENGINE=InnoDB AUTO_INCREMENT=17 DEFAULT CHARSET=latin1;
/*!40101 SET character_set_client = @saved_cs_client */;

--
-- Dumping data for table `django_content_type`
--

LOCK TABLES `django_content_type` WRITE;
/*!40000 ALTER TABLE `django_content_type` DISABLE KEYS */;
INSERT INTO `django_content_type` VALUES (16,'admin','logentry'),(2,'auth','group'),(1,'auth','permission'),(3,'auth','user'),(4,'contenttypes','contenttype'),(6,'corsheaders','corsmodel'),(10,'events','category'),(11,'events','event'),(12,'events','organizer'),(13,'events','relatedlink'),(14,'events','venue'),(7,'news','image'),(9,'news','news'),(8,'news','post'),(5,'sessions','session'),(15,'sliders','slider');
/*!40000 ALTER TABLE `django_content_type` ENABLE KEYS */;
UNLOCK TABLES;

--
-- Table structure for table `django_migrations`
--

DROP TABLE IF EXISTS `django_migrations`;
/*!40101 SET @saved_cs_client     = @@character_set_client */;
/*!40101 SET character_set_client = utf8 */;
CREATE TABLE `django_migrations` (
  `id` int(11) NOT NULL AUTO_INCREMENT,
  `app` varchar(255) NOT NULL,
  `name` varchar(255) NOT NULL,
  `applied` datetime(6) NOT NULL,
  PRIMARY KEY (`id`)
) ENGINE=InnoDB AUTO_INCREMENT=22 DEFAULT CHARSET=latin1;
/*!40101 SET character_set_client = @saved_cs_client */;

--
-- Dumping data for table `django_migrations`
--

LOCK TABLES `django_migrations` WRITE;
/*!40000 ALTER TABLE `django_migrations` DISABLE KEYS */;
INSERT INTO `django_migrations` VALUES (1,'contenttypes','0001_initial','2019-03-26 21:18:59.469227'),(2,'contenttypes','0002_remove_content_type_name','2019-03-26 21:18:59.533777'),(3,'auth','0001_initial','2019-03-26 21:18:59.914363'),(4,'auth','0002_alter_permission_name_max_length','2019-03-26 21:18:59.932632'),(5,'auth','0003_alter_user_email_max_length','2019-03-26 21:18:59.951331'),(6,'auth','0004_alter_user_username_opts','2019-03-26 21:18:59.964951'),(7,'auth','0005_alter_user_last_login_null','2019-03-26 21:18:59.998013'),(8,'auth','0006_require_contenttypes_0002','2019-03-26 21:19:00.092035'),(9,'auth','0007_alter_validators_add_error_messages','2019-03-26 21:19:00.121419'),(10,'auth','0008_alter_user_username_max_length','2019-03-26 21:19:00.146450'),(11,'auth','0009_alter_user_last_name_max_length','2019-03-26 21:19:00.164705'),(12,'news','0001_initial','2019-03-26 21:19:00.303464'),(13,'news','0002_auto_20181122_1121','2019-03-26 21:19:00.336377'),(14,'news','0003_auto_20181127_1123','2019-03-26 21:19:00.361381'),(15,'news','0004_auto_20181211_0153','2019-03-26 21:19:00.371226'),(16,'events','0001_initial','2019-03-26 21:19:00.770496'),(17,'sessions','0001_initial','2019-03-26 21:19:00.804503'),(18,'sliders','0001_initial','2019-03-26 21:19:00.867339'),(19,'admin','0001_initial','2019-03-26 22:40:34.287872'),(20,'admin','0002_logentry_remove_auto_add','2019-03-26 22:40:34.305449'),(21,'admin','0003_logentry_add_action_flag_choices','2019-03-26 22:40:34.319804');
/*!40000 ALTER TABLE `django_migrations` ENABLE KEYS */;
UNLOCK TABLES;

--
-- Table structure for table `django_session`
--

DROP TABLE IF EXISTS `django_session`;
/*!40101 SET @saved_cs_client     = @@character_set_client */;
/*!40101 SET character_set_client = utf8 */;
CREATE TABLE `django_session` (
  `session_key` varchar(40) NOT NULL,
  `session_data` longtext NOT NULL,
  `expire_date` datetime(6) NOT NULL,
  PRIMARY KEY (`session_key`),
  KEY `django_session_expire_date_a5c62663` (`expire_date`)
) ENGINE=InnoDB DEFAULT CHARSET=latin1;
/*!40101 SET character_set_client = @saved_cs_client */;

--
-- Dumping data for table `django_session`
--

LOCK TABLES `django_session` WRITE;
/*!40000 ALTER TABLE `django_session` DISABLE KEYS */;
INSERT INTO `django_session` VALUES ('22s1o9jdzj4r2f1fj485y3pr6x99uu16','YjY0ZGEyOGVmMmM4NmQwMmNjYzMzOTlmNmFhY2JkMzg5MjVmYTliYzp7Il9hdXRoX3VzZXJfaWQiOiIxIiwiX2F1dGhfdXNlcl9iYWNrZW5kIjoiZGphbmdvLmNvbnRyaWIuYXV0aC5iYWNrZW5kcy5Nb2RlbEJhY2tlbmQiLCJfYXV0aF91c2VyX2hhc2giOiJiMWVkYjU5YmM2MzNhNTZlZjRmYzRlZTUwMTRiMmFhOGUzMDllM2E1In0=','2019-04-09 22:30:52.424314');
/*!40000 ALTER TABLE `django_session` ENABLE KEYS */;
UNLOCK TABLES;

--
-- Table structure for table `events_category`
--

DROP TABLE IF EXISTS `events_category`;
/*!40101 SET @saved_cs_client     = @@character_set_client */;
/*!40101 SET character_set_client = utf8 */;
CREATE TABLE `events_category` (
  `id` int(11) NOT NULL AUTO_INCREMENT,
  `name` varchar(254) NOT NULL,
  `slug` varchar(90) NOT NULL,
  `description` varchar(6000) NOT NULL,
  `image` varchar(100) NOT NULL,
  `created_at` datetime(6) NOT NULL,
  `updated_at` datetime(6) NOT NULL,
  PRIMARY KEY (`id`),
  UNIQUE KEY `slug` (`slug`)
) ENGINE=InnoDB AUTO_INCREMENT=5 DEFAULT CHARSET=latin1;
/*!40101 SET character_set_client = @saved_cs_client */;

--
-- Dumping data for table `events_category`
--

LOCK TABLES `events_category` WRITE;
/*!40000 ALTER TABLE `events_category` DISABLE KEYS */;
INSERT INTO `events_category` VALUES (1,'Cultura','cultura-4-2019','Cultura','images/Cultura.jpg','2019-04-10 22:54:09.312951','2019-04-30 21:29:03.846996'),(2,'Deporte','deporte-4-2019','Deporte','images/Deporte.jpg','2019-04-30 21:29:23.981025','2019-04-30 21:29:23.981071'),(3,'Salud','salud-4-2019','Salud','images/salud.jpg','2019-04-30 21:29:43.766328','2019-04-30 21:29:43.766390'),(4,'Académico','academico-4-2019','Académico','images/Academico.jpg','2019-04-30 21:29:59.339010','2019-04-30 21:29:59.339056');
/*!40000 ALTER TABLE `events_category` ENABLE KEYS */;
UNLOCK TABLES;

--
-- Table structure for table `events_event`
--

DROP TABLE IF EXISTS `events_event`;
/*!40101 SET @saved_cs_client     = @@character_set_client */;
/*!40101 SET character_set_client = utf8 */;
CREATE TABLE `events_event` (
  `post_id` int(11) NOT NULL,
  `slug` varchar(128) NOT NULL,
  `start_datetime` datetime(6) NOT NULL,
  `finish_datetime` datetime(6) NOT NULL,
  `abstract` varchar(6000) DEFAULT NULL,
  `description` longtext NOT NULL,
  `price` double NOT NULL,
  `website` varchar(200) DEFAULT NULL,
  `limited` tinyint(1) NOT NULL,
  `active` tinyint(1) NOT NULL,
  `created_at` datetime(6) NOT NULL,
  `updated_at` datetime(6) NOT NULL,
  `venue_id` int(11) NOT NULL,
  PRIMARY KEY (`post_id`),
  UNIQUE KEY `slug` (`slug`),
  KEY `events_event_venue_id_ffde28fd_fk_events_venue_id` (`venue_id`),
  CONSTRAINT `events_event_post_id_930726c6_fk_news_post_id` FOREIGN KEY (`post_id`) REFERENCES `news_post` (`id`),
  CONSTRAINT `events_event_venue_id_ffde28fd_fk_events_venue_id` FOREIGN KEY (`venue_id`) REFERENCES `events_venue` (`id`)
) ENGINE=InnoDB DEFAULT CHARSET=latin1;
/*!40101 SET character_set_client = @saved_cs_client */;

--
-- Dumping data for table `events_event`
--

LOCK TABLES `events_event` WRITE;
/*!40000 ALTER TABLE `events_event` DISABLE KEYS */;
INSERT INTO `events_event` VALUES (15,'conmemoracion-8-de-marzo-4-2019','2019-03-08 19:00:00.000000','2019-03-09 01:00:00.000000','¿Por qué todos deberíamos ser feministas en la U?','<p class=\"ql-align-justify\">¿Por qué todos deberíamos ser feministas en la U?</p><p class=\"ql-align-justify\">Mujeres, hombres y jóvenes de todo el planeta nos movilizamos en torno a una gran consigna, necesitamos un mundo más feminista capaz de superar las terribles marcas del patriarcado heterosexual, capitalista, racista y clasista que ha llevado a la crisis civilizatoria que experimentados todos los seres vivos y los diferentes ecosistemas.</p><p class=\"ql-align-justify\">En la U todos deberíamos ser feministas es una proclama con la que nombramos en voz alta nuestro deseo por un sistema de educación superior justo e igualitario en las diferencias que contribuya en el caso colombiano y de la región del suroccidente a forjar una cultura de paz territorial. Creemos quienes nos hemos unido en torno a esta Conmemoración del 8M 2019.</p><p class=\"ql-align-justify\">El siglo XX heredó para la humanidad la lucha por los derechos. En el caso de las mujeres el 8M representa un hito que recordamos en memoria las 146 mujeres trabajadoras de la fábrica textil Cotton de Nueva York, que murieron calcinadas en 1908 a causa de las bombas incendiarías que les lanzaron en medio de su protesta por los bajos salarios y las infames condiciones de trabajo que padecían.</p><p class=\"ql-align-justify\">Académicas, estudiantes, investigadoras, trabajadoras, egresadas, estudiantes y jubiladas de la Universidad del Cauca, convocamos en este día a todas y todos para que hagamos del feminismo una forma de tramitar la vida cotidiana, las luchas políticas y la defensa de los derechos de todas las personas. En la U todos deberíamos ser feministas es una propuesta para humanizar nuestras relaciones y prácticas de formación, convivencia y creación.</p><p class=\"ql-align-justify\">Agradecemos a la Junta Directiva de la Asociación de Profesores Universitarios (ASPU- Cauca) y a la Vicerrectoría de Bienestar y Cultura auspiciar este material educativo como homenaje a todas las luchas de las mujeres del planeta.</p><p class=\"ql-align-justify\">Por ello convocamos a conmemorar el 8 de marzo en el espacio “Mujeres al Paraninfo”</p><h4><br></h4>',0,'',0,1,'2019-04-10 22:57:29.251966','2019-04-30 21:09:28.898299',1),(20,'feria-emprendeser-4-2019','2019-05-16 13:00:00.000000','2019-05-16 23:00:00.000000','La Vicerrectoría de Cultura y bienestar a través de su Programa PermaneSer, invita a la comunidad universitaria ...','<p class=\"ql-align-justify\">La Vicerrectoría de Cultura y bienestar a través de&nbsp;su Programa PermaneSer, invita a la comunidad universitaria a participar de la Feria EmprendeSer– Unicauca Verde. Este espacio tiene como propósito visibilizar las experiencias de emprendimientos de los estudiantes unicaucanos como escenarios educativos donde se fortalezcan las acciones relacionadas con la inclusión, competencias para la vida, emprendimiento y equidad económica .</p><p class=\"ql-align-justify\">En esta feria&nbsp;pueden participar colectivos urbanos, marcas o emprendimientos de productos como:</p><ul><li class=\"ql-align-justify\">Semillas nativas y criollas</li><li class=\"ql-align-justify\">Frescos agroecológicos</li><li class=\"ql-align-justify\">Transformados naturales</li><li class=\"ql-align-justify\">Artesanías y manualidades sustentables</li><li class=\"ql-align-justify\">Medicinas naturales</li><li class=\"ql-align-justify\">Productos de aseo de base natural</li><li class=\"ql-align-justify\">Abonos orgánicos</li><li class=\"ql-align-justify\">Re-uso de materiales</li><li class=\"ql-align-justify\">Turismo comunitario</li></ul><p class=\"ql-align-justify\">Las postulaciones ya están abiertas y pueden realizarse <a href=\"https://docs.google.com/forms/d/e/1FAIpQLSfhe8VMnvy4-eAkDzY7vZWh11Q4Yo8f-nV6jn9C1Usvsd5NHw/viewform\" target=\"_blank\">Aquí</a></p><p class=\"ql-align-justify\">Recuerda que la feria de llevará a cabo el&nbsp;Jueves, 16 de mayo de 2019, en la Facultad de Ingeniería Electrónica y Telecomunicaciones (FIET) a partir de las 8:00am a 4:00pm</p><h1><br></h1>',0,'',0,1,'2019-04-30 20:55:01.862911','2019-04-30 21:06:56.622965',2),(21,'ven-y-rueda-con-nosotros-iii-rodada-universitaria-4-2019','2019-05-11 11:30:00.000000','2019-05-11 21:00:00.000000','La Vicerrectoría de Cultura y Bienestar de la Universidad del Cauca, a través de sus Divisiones de Gestión de la Recreación y el Deporte ..','<p>La Vicerrectoría de Cultura y Bienestar de la Universidad del Cauca, a través de sus Divisiones de Gestión de la Recreación y el Deporte, y Salud Integral y Desarrollo Humano, invitan a la comunidad universitaria y la ciudadanía en general a participar de la III Rodada Universitaria: Bike Unicauca, que se llevará a cabo el próximo 11 de Mayo, el punto de encuentro será en la entrada del Complejo Deportivo Juegos Nacionales a la 6:30 am.</p><p>En esta oportunidad recorreremos el sector rural de las veredas de Santa Rosa y la Tetilla, disfrutaremos de los paisajes de la región y recorreremos los caminos que integran el campo y la ciudad.</p><p>Este recorrido recreativo&nbsp;tiene el propósito de generar un espacio de encuentro entre la comunidad universitaria y de la ciudad fortaleciendo los lazos de interacción social y contribuyendo a generar hábitos de vida saludable a través de la actividad física.&nbsp;</p><p>Link de inscripción:&nbsp;<a href=\"https://forms.gle/9TJZkNmCczPS9MUu6\" target=\"_blank\" style=\"color: rgb(17, 85, 204);\">https://forms.gle/9TJZkNmCczPS9MUu6</a></p>',0,'',0,1,'2019-04-30 21:39:03.565202','2019-04-30 21:39:03.565217',3),(22,'primer-conversatorio-de-dialogos-interculturales-popayan-2019-4-2019','2019-04-30 14:00:00.000000','2019-04-30 17:00:00.000000','Se abre en la Ciudad los Diálogos Interculturales 2019 con el conversatorio “Las Escuelas Normales en Colombia y el Cauca”','<p><strong>Primer Conversatorio de Diálogos Interculturales Popayán, Ciudad Educadora 2019</strong></p><p class=\"ql-align-center\"><em style=\"color: rgb(85, 85, 85);\">Popayán, Ciudad Educadora abre en la Ciudad los Diálogos Interculturales 2019 con el conversatorio “Las Escuelas Normales en Colombia y el Cauca” que se llevará a cabo el martes 30 de abril de 2019. Ésta es una iniciativa ejecutada por la Vicerrectoría de Cultura y Bienestar a través de la División de Gestión de la Cultura.</em></p><p class=\"ql-align-justify\">De acuerdo a la trayectoria cultural, histórica, política y educativa de la Ciudad de Popayán en el marco de los Diálogos Interculturales 2019 con el tema “Popayán, Ciudad Educadora” se busca brindar a la comunidad en general un espacio de reflexión y discusión sobre los procesos sociales y culturales de la ciudad que permiten la construcción de región en un contexto tan diverso como lo es el departamento del Cauca. Por esta razón, la Vicerrectoría de Cultura y Bienestar a través de la División de Gestión de la Cultura convocan a la apertura de estos encuentros en el primer conversatorio “Las Escuelas Normales en Colombia y el Cauca” que se llevará a cabo el día martes 30 de abril de 2019 en el Aula Máxima de la Escuela Normal Superior de Popayán ubicada en la calle 17 N° 11A-43 La Ladera, a partir de las 9:00AM </p><p class=\"ql-align-justify\">Con el objetivo de interactuar con la región desde los distintos contextos para la construcción de&nbsp;región como compromiso social de las instituciones de educación superior, ésta versión de Diálogos Interculturales se realiza en articulación con la Fundación Universitaria de Popayán, la Corporación Autónoma del Cauca y la Institución Universitaria Colegio Mayor del Cauca.</p><p class=\"ql-align-justify\"><br></p><p class=\"ql-align-justify\">ANGÉLICA J. FERNÁNDEZ QUILA</p><p class=\"ql-align-justify\">Diálogos Interculturales</p><p class=\"ql-align-justify\">División de Gestión de la Cultura</p><p class=\"ql-align-justify\">Vicerrectoria de Cultura y Bienestar</p><p class=\"ql-align-justify\">Correo Electrónico: <a href=\"mailto:angelicafernandez@unicauca.edu.co\" target=\"_blank\">angelicafernandez@unicauca.edu.co</a></p><p class=\"ql-align-justify\"><br></p><p class=\"ql-align-justify\"><strong>Mayor Información</strong></p><p class=\"ql-align-justify\">División de Gestión de la Cultura</p><p class=\"ql-align-justify\">Panteón de los Próceres</p><p class=\"ql-align-justify\">Calle 3ª Nº 5-14 Centro. Tel. 8209800 ext. 1128 y 1129. E-mail: angelicafernandez@unicauca.edu.co</p><h1><br></h1>',0,'',0,1,'2019-04-30 21:47:33.124140','2019-04-30 21:47:33.124156',4),(23,'segundo-conversatorio-dialogos-interculturales-2019-la-sierrac-4-2019','2019-04-29 14:00:00.000000','2019-04-29 17:00:00.000000','Con el tema Territorio y Construcción de Memoria Colectiva desde la visión campesina afropatiana ..','<p><strong>Segundo Conversatorio de Diálogos Interculturales 2019 en el municipio de La Sierra</strong></p><p class=\"ql-align-center\"><em style=\"color: rgb(85, 85, 85);\">Con el tema Territorio y Construcción de Memoria Colectiva desde la visión campesina afropatiana, se llevará a cabo el lunes 29 de abril de 2019 el Segundo Conversatorio de Diálogos Interculturales en el Municipio de La Sierra, una iniciativa ejecutada por la Vicerrectoría de Cultura y Bienestar, a través de la División de Gestión de la Cultura.</em></p><p class=\"ql-align-justify\">Los Diálogos Interculturales 2019, una iniciativa de la Vicerrectoría de Cultura y Bienestar a través de la División de Gestión de la Cultura, convocan en su agenda cultural en el municipio de La Sierra al Segundo Conversatorio que se llevará a cabo en la Vereda La Depresión con el ánimo de generar espacios de reflexión y acción con las comunidades de esta localidad alrededor de la relaciones sociales, culturales y políticas que se tejen en el territorio, por esta razón esta versión que se desarrollara con la comunidad serrana se ha denominado “Territorio y Construcción de Memoria Colectiva” con la articulación y trabajo en conjunto de la Corporación del Sur del Cauca – COSURCA y la Asociación de Productores Orgánicos de La Sierra – ASPROSI.</p><p class=\"ql-align-justify\">El evento se realizará en la Institución Educativa La Depresión a partir de las 9:00 AM , con el objetivo de interactuar con la región desde los distintos contextos para la construcción de&nbsp;región como compromiso social de la Alma Mater en el departamento del Cauca. </p><p class=\"ql-align-justify\">En esta versión se exaltará la labor de los líderes comunitarios afropatianos de la labor campesina y social en ánimo al fortalecimiento de la identidad, la lucha de los pueblos y la reconstrucción de la cultura propia y la memoria histórica. Se contará con la ponencia y participación del Dr. Adolfo Albán Achinte, docente de la Universidad del Cauca adscrito al Departamento de Estudios Interculturales de la Facultad de Ciencias Humanas y Sociales.</p><p class=\"ql-align-justify\">La actividad cuenta con el apoyo de instituciones como la Casa Museo Un paso por el Tiempo, la Inter American Foundation - IAF, la Unión Europea y la Casa de la Cultura Serrana de la Alcaldía Municipal de la Sierra, quienes se han dedicado a aportar a los procesos de construcción y fortalecimiento de las identidades y el arraigo cultural de la zona.</p><p class=\"ql-align-justify\"><br></p><p class=\"ql-align-justify\">ANGÉLICA J. FERNÁNDEZ QUILA</p><p class=\"ql-align-justify\">Diálogos Interculturales</p><p class=\"ql-align-justify\">División de Gestión de la Cultura</p><p class=\"ql-align-justify\">Vicerrectoria de Cultura y Bienestar</p><p class=\"ql-align-justify\">Correo Electrónico: <a href=\"mailto:angelicafernandez@unicauca.edu.co\" target=\"_blank\">angelicafernandez@unicauca.edu.co</a></p><p class=\"ql-align-justify\"><br></p><p class=\"ql-align-justify\"><strong>Mayor Información</strong></p><p class=\"ql-align-justify\">División de Gestión de la Cultura</p><p class=\"ql-align-justify\">Panteón de los Próceres</p><p class=\"ql-align-justify\">Calle 3ª Nº 5-14 Centro. Tel. 8209800 ext. 1128 y 1129. E-mail: angelicafernandez@unicauca.edu.co</p><h1><br></h1>',0,'',0,1,'2019-04-30 21:51:03.112807','2019-04-30 21:52:37.180297',5),(34,'ii-juegos-intra-facultades-5-2019','2019-05-06 13:00:00.000000','2019-05-18 23:00:00.000000','Los Juegos Intra-Facultades 2019, son una propuesta de la Vicerrectoría de Cultura y Bienestar a través de la División ...','<p class=\"ql-align-justify\">Los Juegos Intra-Facultades 2019, son una propuesta de la Vicerrectoría de Cultura y Bienestar a través de la División de Gestión de la Recreación y el Deporte, que pretende generar espacios de encuentro entre la comunidad universitaria, contribuyendo a una construcción de tejido social a través de la buena práctica del deporte.</p><p class=\"ql-align-justify\">Estas justas deportivas universitarias, son realizadas por cada Facultad con sus dependencias académicas y administrativas, las programaciones y distribución del espacio deportivo se realizan de acuerdo a la disponibilidad.</p><p class=\"ql-align-justify\">&nbsp;Los Deportes que hacen parte de estos torneos son:</p><ul><li class=\"ql-align-justify\">Fútbol (Masculino y Femenino)</li><li class=\"ql-align-justify\">Fútbol Sala (Masculino y Femenino)</li><li class=\"ql-align-justify\">Baloncesto (Masculino y Femenino)</li><li class=\"ql-align-justify\">Voleibol (Mixto)</li></ul><p class=\"ql-align-justify\">De acuerdo con lo anterior, los campeones de Cada Facultad serán los serán los clasificados a los Juegos Interfacultades que se desarrollan en el Segundo Semestre del 2019.</p><p class=\"ql-align-justify\">¡Animate, arma tu equipo y participa!</p><p class=\"ql-align-justify\">Más Información:</p><ul><li class=\"ql-align-justify\"><a href=\"mailto:intrafacultades@unicauca.edu.co\" target=\"_blank\" style=\"color: rgb(5, 99, 193);\">intrafacultades@unicauca.edu.co</a></li><li class=\"ql-align-justify\">Oficinas Centro Deportivo Universitario Tulcán&nbsp;</li></ul><p class=\"ql-align-justify\"><br></p>',0,'',0,1,'2019-05-06 20:50:45.678554','2019-05-06 20:51:02.469479',6),(35,'iniciamos-unicauca-activa-de-corazon-5-2019','2019-05-21 13:00:00.000000','2019-05-25 11:00:00.000000','La Semana de la Actividad Física y la Salud “Unicauca Activa de Corazón” es una iniciativa liderada por la Vicerrectoría de Cultura ...','<p class=\"ql-align-justify\">La Semana de la Actividad Física y la Salud “Unicauca Activa de Corazón” es una iniciativa liderada por la Vicerrectoría de Cultura y Bienestar con sus divisiones de gestión en Salud Integral y Desarrollo Humano y Gestión de la Recreación y el Deporte, que se llevará a cabo del 07 al 11 de Mayo 2019 en diferentes escenarios de nuestra Universidad, teniendo como objetivo ofrecer espacios de promoción de la actividad física para el mejoramiento de la salud, la prevención de enfermedades crónicas no transmisibles, el uso constructivo del tiempo libre y la generación de encuentros sociales - culturales para toda comunidad universitaria.</p><p class=\"ql-align-justify\">A este propósito, se suman el Departamento de Educación física Recreación y Deportes con el Programa Actividad Física formativa (AFF) y la Licenciatura en Educación física, Recreación y Deportes. El Departamento de Fisioterapia, con el programa Hora saludable y la División de Gestión del Talento Humano con su programa SIGLA.</p><p class=\"ql-align-justify\">En este contexto, se desarrollarán&nbsp;<u>actividades físicas PREVIAS</u>&nbsp;en diferentes facultades y dependencias admirativas con toda la comunidad universitaria que quiera hacer parte de ellas.</p><p class=\"ql-align-justify\">¡Actívate y participa!</p><h1><br></h1>',0,'',0,1,'2019-05-07 17:09:40.923235','2019-05-07 22:27:27.371152',6),(37,'categorias-educacion-y-cultura-5-2019','2019-05-23 19:00:00.000000','2019-05-24 23:00:00.000000','5ta Cátedra Afrocolombiana \"Rogerio Velásquez Murillo\"\nEMPODERAR AL PUEBLO AFROCOLOMBIANO. \nEXPERIENCIAS Y AGENDAS SIGLO XXI','<h4>5ta Cátedra Afrocolombiana \"Rogerio Velásquez Murillo\"</h4><h4>EMPODERAR AL PUEBLO AFROCOLOMBIANO.&nbsp;</h4><h4>EXPERIENCIAS Y AGENDAS SIGLO XXI</h4><h4><br></h4><h4>La Vicerrectoría de Cultura y Bienestar con su Programa de Comunidades Diversas y el Centro de Memorias Étnicas invitan a participar en la versión la Cátedra Afrocolombiana Rogerio Velásquez Murillo estará dedicada a la temática EMPODERAR AL PUEBLO AFROCOLOMBIANO. EXPERIENCIAS Y AGENDAS SIGLO XXI” que se llevará a cabo en Popayán los días 23 y 24 de mayo en el Auditorio Banco de La República y en Santander de Quilichao el 17 de mayo.</h4><h4>Con este espacio se busca ofrecer a la comunidad docente y universitaria de Popayán y Santander de Quilichao un espacio de formación y sensibilización sobre los procesos organizativos, políticos e institucionales que tienen lugar en el marco de proyectos comunitarios y de cooperación internacional desarrollados en diferentes lugares del país.</h4><h4>Además de los anterior se espera&nbsp;promover espacios de acercamiento en torno a los derechos, los problemas de racismo y los procesos organizativos de las poblaciones afroamericanas en el ámbito de la educación superior.</h4><h4><strong>Invitados Popayán:</strong></h4><h4>Jose Jorge de Carvalho, Brasil</h4><h4>Sônia Queiroz - Brasil</h4><h4>Miguel Obeso- San Basilio de Palenque, Colombia</h4><h4>Enilda Jiménez, Consejo Noruego para Refugiados</h4><h4>Dora Inés Vivanco, CNOA, Colombia</h4><h4>Hugo Tovar, OIM, Colombia</h4><h4>Christopher L. Busey, Universidad de Florida, EEUU</h4><h4>Diógenes Patiño, Universidad del Cauca</h4><h4>Hortensia Alaix de Valencia, Universidad del Cauca</h4><h4><br></h4><h4><strong>Programación Popayán</strong></h4><h4><strong>Jueves 23 de mayo</strong></h4><h4><strong>2:00 – 2:30</strong> <strong>pm </strong>Palabra de apertura&nbsp;</h4><h4>“De los estudios afrocolombianos a la Cátedra de Estudios Afrocolombianos”</h4><h4>Jose Antonio Caicedo, Coordinador Académico</h4><h4><strong>2:30 – 3:30</strong> <strong>pm</strong> Conferencia&nbsp;</h4><h4>“La historia de los seminarios sobre cultura y literatura afrocolombiana en la Universidad del Cauca”</h4><h4>Hortensia Alaix de Valencia, Universidad del Cauca</h4><h4><strong>3:30- 4:30 pm</strong> Experiencia de investigación</h4><h4>Arqueología en el norte del Cauca</h4><h4>Profesor Diógenes Patiño, departamento de Antropología</h4><h4><strong>4:30 pm</strong> Receso</h4><h4><strong>5:00 pm</strong> Presentación del libro \"La palabra poética del afrocolombiano\" Antología de Hortensia Alaix de Valencia&nbsp;</h4><h4>Sônia Queiroz – Brasil</h4><h4><strong>6:00 pm</strong> Entrega de libros</h4><h4><br></h4><h4><strong>Viernes 24</strong></h4><h4><strong>8:00 am</strong>  Apertura a cargo del Vicerrector de Cultura y Bienestar, doctor Deibar Rene Hurtado&nbsp;</h4><h4><strong>8:30 a 10:30 am</strong> Panel Experiencias de Empoderamiento Afrocolombiano. Una mirada desde la Cooperación Internacional</h4><h4>Hugo Tovar, OIM, Colombia&nbsp;</h4><h4>Enilda Jiménez, Consejo Noruego para Refugiados</h4><h4><strong>10:00 am</strong> Receso</h4><h4><strong>10:30 – 11:30 am</strong> Conferencia</h4><h4>Derechos de las poblaciones afroamericanas en la era Trump</h4><h4>Christopher L. Busey, Universidad de Florida, EEUU</h4><h4><strong>11:30 a 12:30 pm</strong> \"Dialogo vivo\"</h4><h4>Intervenciones de comunidades afrocolombianas</h4><h4>Declaratoria solidaria con Francia Márquez, Clemencia Carabali, Sofía Garzón, Carlos Rosero, Victor Hugo Moreno y las organizaciones afrocolombianas del norte del Cauca.</h4><h4><strong>12:30 pm</strong> Almuerzo libre</h4><h4><strong>2:00 a 4:00 pm</strong> Panel Innovaciones, políticas y derechos afrocolombianos en el siglo XXI</h4><h4>Miguel Obeso- San Basilio de Palenque, Colombia</h4><h4>Dora Inés Vivanco, CNOA, Colombia</h4><h4><strong>4:00 pm</strong> Receso</h4><h4><strong>4:30 a 6:00 pm</strong> Conferencia final</h4><h4>\"Las Culturas Afroamericanas en Iberoamérica: lo negociable y lo innegociable\"</h4><h4>Jose Jorge de Carvalho, Brasil</h4><h4><strong>6:00 pm</strong> Entrega de certificados</h4><h4><br></h4><h4><strong>Programación Santander de Quilichao</strong></h4><h4><strong>Mayo 17 de 2019, Sede La Casona carrera 9 No 4 -16</strong></h4><h4>En solidaridad con Francia Márquez, Clemencia Carabalí, Sofía Garzón, Carlos Rosero y Víctor Hugo Moreno</h4><h4>Por la defensa de la vida, los territorios y las organizaciones afrocolombianas</h4><h4>&nbsp;</h4><h4><strong>2:00 pm</strong> Palabras de apertura</h4><h4>Profesor Jose Antonio Caicedo Ortiz, coordinador Cátedra Afrocolombiana</h4><h4><strong>2:30 pm</strong> Homenaje a las Luchas y líderes Afronortecaucanas</h4><h4>Intervención de la líder Clemencia Carabalí, PCN</h4><h4>Declaratoria solidaria</h4><h4><strong>3:00- 4:00 pm</strong> Experiencias de Vida</h4><h4>Territorialidad, Luchas e historia del pueblo afro en el norte del Cauca</h4><h4>Gustavo Balanta, líder y docente afrocolombiano</h4><h4>Pelo, identidad y luchas de las mujeres afronortecaucanas</h4><h4>Deiby Yolima Banguero Ararat, trabajadora social y líder del Colectivo Marrones&nbsp;</h4><h4><strong>4:00 pm</strong> Receso</h4><h4><strong>4:30 – 5:30 pm</strong> Reflexión colectiva</h4><h4>Educación superior, racismo y derechos de los afrocolombianos</h4><h4>Organizaciones afroestudiantiles UniCauca sede Norte</h4><h4>Palenke Universitario&nbsp;</h4><h4><strong>5:30 a 6:00 pm</strong> Diálogo abierto con invitados y auditorio</h4><h4><strong>6:00 pm</strong> Entrega de certificados</h4>',0,'',0,1,'2019-05-09 19:40:26.590074','2019-05-13 20:43:17.433153',8),(38,'dialogos-interculturales-5-2019','2019-05-17 23:00:00.000000','2019-05-18 01:00:00.000000','La Vicerrectoría de Cultura y Bienestar a través de la División de Gestión de la Cultura invita a la comunidad universitaria...','<p><span style=\"color: rgb(34, 34, 34);\">La Vicerrectoría&nbsp;de Cultura y Bienestar a través de la División de Gestión de la Cultura invita a la comunidad universitaria a participar del Segundo Conversatorio de Diálogos Interculturales 2019 \"Popayán, Ciudad Educadora\" el próximo viernes 17 de mayo de 2019 en la Ciudad de Popayán</span></p>',0,'',0,1,'2019-05-13 13:39:00.029255','2019-05-13 13:39:00.029273',9),(39,'torneo-interfacultades-para-docentes-y-administrativos-5-2019','2019-05-13 13:00:00.000000','2019-05-28 23:00:00.000000','El torneo Interfacultades Mixto de Baloncesto para Docentes y Administrativos, es una iniciativa de algunos profesores con el apoyo...','<p>El torneo Interfacultades Mixto de Baloncesto para Docentes y Administrativos, es una iniciativa de algunos profesores con el apoyo de la Vicerrectoría de Cultura y Bienestar que han querido fortalecer la práctica del baloncesto en la Universidad del Cauca.</p><p>Con este torneo la Vicerrectoría de Cultura y Bienestar continúa encaminando sus esfuerzos para promover entre la comunidad universitaria&nbsp;los hábitos de vida saludable&nbsp;en la sana práctica del deporte.</p><p><br></p><p>Las inscripciones serán de 13 al 24 de Mayo,&nbsp;</p><p>Inauguración: 28 de mayo 6:00 pm- coliseo CDU.</p><p><br></p><p><a href=\"http://vicecultura.unicauca.edu.co/files/Planilla%20de%20inscripcion%20deportes.doc\" target=\"_blank\">Descargar </a>planilla de inscripción.</p>',0,'',0,1,'2019-05-14 17:40:28.892281','2019-05-14 17:40:28.892297',6),(41,'llego-la-hora-de-ejercitarnos-y-saber-sobre-nuestra-salud-5-2019','2019-05-20 13:00:00.000000','2019-05-25 22:00:00.000000','Llega la Semana de la Actividad Fisica y la Salud \"Unicauca Activa de Corazón\". ','<p class=\"ql-align-justify\">Llega la Semana de la Actividad Fisica y la Salud \"Unicauca Activa de Corazón\".&nbsp;</p><p class=\"ql-align-justify\">Una iniciativa liderada desde la Vicerrectoría de Cultura y Bienestar con sus Divisiones de Gestión&nbsp;de la Recreación y el Deporte y División de Gestión de Salud Integral y Desarrollo Humano, apoyada desde el Departamento&nbsp;de Educación&nbsp;Física&nbsp;Recreación&nbsp;y Deportes, el Departamento&nbsp;de Fisioterapia y la División de Gestión del Talento Humano.</p><p class=\"ql-align-justify\">Este pretende motivar a la comunidad universitaria a la practica adecuada de la actividad física&nbsp;como medio para fortalecer la salud y través&nbsp;de ellos contribuir al continuo mejoramiento de la calidad de vida y desarrollo humano de todas las personas que hacen parte de la comunidad universitaria.</p><p class=\"ql-align-justify\">A esta actividad estamos todos convocados, tenemos todo dispuesto para celebrar el di mundial de la actividad física&nbsp;y la salud. Conoce nuestra agenda y participa, tenemos charlas, conferencias y actividad física&nbsp;para todos los gustos.&nbsp;</p><h1><br></h1>',0,'',0,1,'2019-05-17 22:04:25.327185','2019-05-17 22:09:34.402984',6),(44,'ii-encuentro-internacional-de-guitarra-clasica-5-2019','2019-05-29 23:00:00.000000','2019-05-31 17:00:00.000000','La Vicerrectoría de Cultura y Bienestar de la Universidad del Cauca y la División de la Gestión de la Cultura invitan ...','<h3><span style=\"color: rgb(28, 30, 33);\">La Vicerrectoría de Cultura y Bienestar de la Universidad del Cauca y la División de la Gestión de la Cultura invitan a la comunidad a participar del II Encuentro internacional de Guitarra a llevarse a cabo del 29 al 31 de Mayo en la Ciudad de Popayán.&nbsp;&nbsp;Para esta versión el&nbsp;país&nbsp;invitado será&nbsp;México&nbsp;con el&nbsp;Maestro&nbsp;José Alfredo Amezcua.</span></h3>',0,'',0,1,'2019-05-22 15:56:17.877275','2019-05-22 15:56:17.877291',10),(54,'se-acerca-noche-de-museos-5-2019','2019-05-31 20:00:00.000000','2019-06-01 01:00:00.000000','La Universidad del Cauca por medio de la Vicerrectoría de Cultura y Bienestar y como Coordinadora de la red de Museos del Cauca, invita a ..','<p>La Universidad del Cauca por medio de la Vicerrectoría de Cultura y Bienestar y como Coordinadora de la red de Museos del Cauca, invita a toda la comunidad universitaria y comunidad en general a disfrutar este 31 de mayo de 2019, la primera Noche de Museos con un sentido hacia lo Bio-cultural y construyendo desde la diversidad las mejores maneras de reconocimiento natural. Como museo protagonista se encuentra el Museo de Historia Natural, tenedor del gran patrimonio natural de la región y perteneciente a la Universidad del Cauca.</p><p>De la misma manera se informa que los museos y centro de memoria abren sus puertas a las 3p.m y las cierran a las 8p.m, permitiendo el disfrute de los espacios museales.</p><p>Recordamos los museos a participar: Casa Museo Guillermo León Valencia, Museo Nacional Guillermo Valencia, Museo de Historia Natural, Casa Museo Negret y Casa Museo Mosquera. El Centro de Memoria Panteón de los Próceres y la Casa Junta Pro- semana Santa.</p>',0,'',0,1,'2019-05-28 22:12:09.555988','2019-05-28 22:12:09.556004',11),(55,'red-de-padres-unicauca-6-2019','2019-06-17 23:00:00.000000','2019-06-18 01:00:00.000000','Un espacio de encuentro para abordar temas relacionados con la familia y la vida  universitaria como parte esencial del proceso ...','<h3>Un espacio de encuentro para abordar temas relacionados con la familia y la vida&nbsp;universitaria como parte esencial del proceso de formación de los estudiantes.</h3>',0,'',0,1,'2019-06-04 15:50:26.573868','2019-06-04 15:50:26.573883',12),(56,'hacia-una-politica-institucional-de-inclusion-6-2019','2019-06-06 20:00:00.000000','2019-06-06 22:00:00.000000','Con el enfoque de género, diversidad étnica y discapacidad','<h3>Hacia una Política Institucional de Inclusión</h3><h3>Con el enfoque de género, diversidad étnica y discapacidad</h3><h3><br></h3><h3>Socialización de avances.</h3>',0,'',0,1,'2019-06-05 18:03:12.770101','2019-06-05 18:03:45.363856',13),(68,'dialogos-interculturales-en-santander-de-quilichao-6-2019','2019-06-23 14:00:00.000000','2019-06-23 16:59:00.000000','Este domingo 23 de junio se llevará a cabo el primer Conversatorio de Diálogos Interculturales en Territorio Nasa del Municipio...','<h3><em style=\"color: rgb(85, 85, 85);\">Este domingo 23 de junio se llevará a cabo el primer Conversatorio de Diálogos Interculturales en Territorio Nasa del Municipio de Santander de Quilichao, una iniciativa ejecutada por la Vicerrectoría de Cultura y Bienestar, a través de la División de Gestión de la Cultura y en articulación con la Alcaldía Municipal de Santander de Quilichao</em></h3>',0,'',0,1,'2019-06-18 14:55:06.337588','2019-06-18 14:55:06.337603',14),(69,'dia-del-estudiante-en-sede-santander-de-quilichao-6-2019','2019-06-26 13:30:00.000000','2019-06-26 22:30:00.000000','La Vicerrectoría de Cultura y Bienestar de la Universidad del Cauca  a través de su División de la Gestión de la Cultura invita ...','<p>La Vicerrectoría de Cultura y Bienestar&nbsp;de la Universidad del Cauca&nbsp;&nbsp;a través de su División de la Gestión de la Cultura invita a la comunidad universitaria a participar de la conmemoración del día del estudiante.&nbsp;</p><p><br></p><p>La jornada que comprenderá una agenda académica y cultural se llevará a cabo el próximo miércoles 26 de junio a partir de las 8:30 a.m. en el Boulevard del Campus Carvajal.</p><p><br></p><p>En el desarrollo de la agenda encontraremos conversatorios e&nbsp;invitados especiales, recitales poéticos y&nbsp;musicales; cuentería, danza y exposición de libros; sorbos de lectura, rifas y premios sorpresa.&nbsp;</p><p><strong>Agenda</strong></p><p>8:30 a.m. Intervención ing. Álvaro René Restrepo, Director Sede Norte</p><p>&nbsp;&nbsp;&nbsp;&nbsp;&nbsp;&nbsp;Palabras Francisco Valencia. Jefe División Gestión de la Cultura&nbsp;&nbsp;</p><p>8:45 a.m. Apertura exposición editorial&nbsp;</p><p>9:00 a.m. Conferencia: Vamos a Clase: La reivindicación del papel del maestro</p><p>&nbsp;&nbsp;&nbsp;&nbsp;&nbsp;&nbsp;&nbsp;&nbsp;&nbsp; Lizardo Carvajal Rodríguez, escritor, historiador y editor.</p><p>10:00 a.m. Conversatorio Pasado y presente de la lucha estudiantil</p><p>&nbsp;&nbsp;&nbsp;&nbsp;&nbsp;&nbsp;&nbsp;&nbsp;&nbsp; Mag. William Felipe Hurtado, docente Unicauca.</p><p>11:00 a.m.&nbsp;Recital poético estudiantil</p><p>&nbsp;&nbsp;&nbsp;&nbsp;&nbsp;&nbsp;&nbsp;&nbsp;&nbsp;&nbsp;&nbsp;Sorbos de lectura</p><p>&nbsp;&nbsp;&nbsp;&nbsp;&nbsp;&nbsp;&nbsp;&nbsp;&nbsp;&nbsp;&nbsp;Recital Guitarra Clásica</p><p>&nbsp;&nbsp;&nbsp;&nbsp;&nbsp;&nbsp;&nbsp;&nbsp;&nbsp;&nbsp;&nbsp;Cuentería</p><p>&nbsp;&nbsp;&nbsp;&nbsp;&nbsp;&nbsp;&nbsp;&nbsp;&nbsp;&nbsp;&nbsp;Danza Folclórica</p><p>&nbsp;&nbsp;&nbsp;&nbsp;&nbsp;&nbsp;&nbsp;&nbsp;&nbsp;&nbsp;&nbsp;Intervención Grupo Musical Lenguas Modernas&nbsp;</p><p><br></p><p>De esta manera, mediante estos espacios, contribuimos a la formación&nbsp;integral de nuestra comunidad universitaria, la cual se está preparando para atender los desafíos del hoy y del mañana</p>',0,'',0,1,'2019-06-20 15:08:34.262152','2019-06-20 15:08:34.262167',7),(70,'salud-en-movimiento-6-2019','2019-06-26 21:00:00.000000','2019-06-26 23:00:00.000000','Unicauca Activa de Corazón estará en la Facultad de Ciencias de la Salud:\n¡juega, corre, baila, muévete y sal de la rutina!','<p>Unicauca Activa de Corazón estará en la Facultad de Ciencias de la Salud:</p><p>¡juega, corre, baila, muévete y sal de la rutina!</p><p>El Comité de Promoción de la Cultura y el Bienestar de la Facultad de Ciencias de la Salud y la Vicerrectoría de Cultura y Bienestar invitan a participar de la jornada \"Unicauca Activa de Corazón\" que se llevara a cabo el próximo miércoles 26 de junio en el parqueadero de esta dependencia desde la 4:00 pm.&nbsp;</p><p>En esta oportunidad habrá actividad física recreativa, musicalizada y jornadas de promoción en salud, todos invitados.</p><p>Mayor información:</p><p>Secretaria Departamento de Medicina.</p><p>Facultad de Ciencias de la Salud</p>',0,'',0,1,'2019-06-21 15:18:19.135022','2019-06-25 14:39:33.599914',15),(71,'la-actitud-clave-para-cumplir-metas-6-2019','2019-06-27 12:00:00.000000','2019-06-27 14:00:00.000000','Con el propósito  de  brindar  a los estudiantes de la Universidad del Cauca, espacios de reflexión sobre su rol en la institución...','<p class=\"ql-align-justify\">Con el propósito&nbsp;de&nbsp;brindar&nbsp;a los estudiantes de la Universidad del Cauca, espacios de reflexión sobre su rol en la institución, el Programa de Permanencia y Graduación, PermaneSer de la Vicerrectoría de Cultura y Bienestar,&nbsp;los invita a participar en el taller&nbsp;<strong>“LA CLAVE DEL ÉXITO ES CUMPLIR METAS”</strong></p><p class=\"ql-align-justify\">Este espacio tiene como objetivo, orientar al estudiante en la identificación y descubrimiento de qué es lo que realmente le importa en la vida; priorización y jerarquizarción de sus valores, por orden de importancia; para que sea consciente de la necesidad de fijar un plan de acción a partir de objetivos concretos.</p><p class=\"ql-align-justify\">Esta actividad se desarrolla mediante el juego “el valor de los valores” y se espera como resultado estudiantes motivados hacia la autorreflexión, con convicción y generación de mayor conciencia hacia cambios de actitud para el logro de sus metas, fortaleciendo sus valores en la realización como personas.</p><p>¡Pasa la voz, te invitamos a participar de este espacio!</p>',0,'',0,1,'2019-06-25 15:07:40.390587','2019-06-25 15:07:40.390602',16),(74,'convocatoria-para-formar-parte-colectivo-musical-vcb-7-2019','2019-07-10 00:00:00.000000','2019-07-10 02:00:00.000000','Convocatoria para formar parte del Colectivo Musical Vicerrectoría de Cultura y Bienestar Universidad del Cauca.','<p>Convocatoria, abierta para participar como músico, percusionista ( 2 músicos, con manejo de conga, Timbal y bongo), Trompeta ( 1 preferentemente con conocimientos de lectura de partitura y capacidad de improvisación), para formar parte del colectivo artístico Musical de la Vicerrectoría de Cultura y Bienestar de la Universidad del Cauca, preferiblemente ajenos a los programas de formación musical de la Facultad de Artes.</p><p>Requisitos.&nbsp;</p><ul><li> Capacidad de trabajo en equipo&nbsp;</li><li> Disponibilidad de tiempo para ensayos y presentaciones. (permisos académicos institucional para eventos.)&nbsp;</li><li> Audición 2 temas musicales</li><li> Tema 1 Cachondea versión Fruko y sus Tesos&nbsp;</li><li> Tema 2 Son de la loma versión Compay Segundo</li></ul><p><br></p><p>Mayor información sobre la convocatoria.</p><p>Interesados enviar los siguientes datos&nbsp;</p><ul><li>Nombre y apellido completo.&nbsp;</li><li>Programa académico.&nbsp;</li><li>Dependencia si es funcionario.&nbsp;</li></ul><p>Al correo institucional&nbsp;</p><p><a href=\"mailto:ericjose@unicauca.edu.co\" target=\"_blank\" style=\"color: rgb(17, 85, 204);\">ericjose@unicauca.edu.co</a>&nbsp;</p><p>Cel. 3104536263</p><p>Fecha de audición</p><p>9 de julio de 2019</p><p>Hora 7.00 pm</p><p>Lugar:Casa Mosquera auditorio planta baja.</p><p>ORGANIZA.&nbsp;</p><p>Vicerrectoría de Cultura y Bienestar.&nbsp;</p><p>División de Gestión de la Cultura y Patrimonio&nbsp;</p><p>Universidad del Cauca.</p>',0,'',0,1,'2019-07-02 21:32:06.048157','2019-07-02 21:32:06.048173',17),(75,'unicauca-activa-de-corazon-sede-norte-santander-de-quilichao-7-2019','2019-07-12 13:30:00.000000','2019-07-12 18:00:00.000000','¡Camina, corre, baila, haz ejercicio y dale vida a tu vida! Quilichao en Movimiento es una oportunidad para moverse, recrearse, salir de ...','<p>¡Camina, corre, baila, haz ejercicio&nbsp;y dale vida a tu vida! Quilichao en Movimiento es una oportunidad para moverse, recrearse, salir de la rutina y conocer de nuestra salud.</p><p>Esta es una invitación especial de la Vicerrectoría de Cultura y Bienestar a través de la División de Gestión de la Recreación y el Deporte, y la División de Gestión de la Salud Integral y Desarrollo Humano a la comunidad universitaria del Centro de Regionalización Sede Norte del Cauca (Universidad del Valle y Universidad del Cauca) a participar de la jornada Unicauca Activa de Corazón que se desarrollara el próximo 12 de Julio en el Campus Santander de Quilichao a partir de las 9:00 a.m.</p><p>La actividad se desarrollara de la siguiente manera:</p><ul><li>9:00 a.m.: Actividad Física Musicalizada (Zumba)</li><li>10:00 a.m.: Reconocimiento a los entrenadores de fútbol del norte del Cauca</li><li>10:30 a.m.: Festival de Récords</li></ul><p>Simultáneo:&nbsp;Campaña de prevención de sustancias Psicoactivas y de promoción en salud.</p><p><br></p><p>Mayor Información: Oficina de Bienestar Universitario Santander de Quilichao.&nbsp;</p>',0,'',0,1,'2019-07-03 19:47:17.579843','2019-07-03 19:47:17.579858',7),(76,'cierre-de-ciclo-de-conferencias-7-2019','2019-07-10 23:30:00.000000','2019-07-11 03:00:00.000000','La Vicerrectoría de Cultura y Bienestar y su división de la Gestión de la Cultura invitan a la comunidad en general al cierre de ciclos ...','<h3><span style=\"color: rgb(34, 34, 34);\">La Vicerrectoría de Cultura y Bienestar y su división de la Gestión de la Cultura invitan a la comunidad en general al cierre de ciclos de conferencias, con la presentación de la Mini Serie Tomás Cipriano de Mosquera.</span></h3>',0,'',0,1,'2019-07-09 16:20:51.513079','2019-07-09 16:20:51.513095',18),(77,'el-cuerpo-en-las-artes-7-2019','2019-07-11 16:00:00.000000','2019-07-20 02:00:00.000000','La División de Gestión de la Cultura de la Vicerrectoría de Cultura y Bienestar les invita a participar del I Seminario de Teatro ...','<p>La División de Gestión de la Cultura de la Vicerrectoría de Cultura y Bienestar les invita a participar del&nbsp;<strong>I Seminario de Teatro \"El cuerpo en las artes\"</strong>&nbsp;que se llevarán a cabo los días 11, 12, 18 y 19 de julio de 2019 en la Universidad del Cauca.</p><p>Dirigido a COMUNIDAD EN GENERAL.</p><p><strong>¡¡¡ENTRADA LIBRE!!!</strong></p><p><strong>&nbsp;</strong></p><p><strong>PROGRAMACIÓN</strong></p><p><strong>Jueves, 11 de julio de 2019</strong></p><p><strong>10:00AM</strong></p><p>Conversatorio: La voz del cuerpo</p><p>Maestro Armando Collazos / Universidad del Valle</p><p>Lugar: Auditorio Rafael Maya – Facultad de Artes Universidad del Cauca</p><p><strong>2:00PM</strong></p><p>Taller: El cuerpo al servicio del teatro</p><p>Maestro Armando Collazos / Universidad del Valle</p><p>Lugar: Salón de Expresiones – Facultad de Ciencias Exactas, Naturales y de la Educación Universidad del Cauca</p><p><strong>7:00 PM</strong></p><p>Presentación Grupo de Teatro de la Universidad del Cauca</p><p>“A la diestra de Dios Padre” de Tomás Carrasquilla</p><p>Adaptación: Enrique Buenaventura</p><p>Director: Daniel Gómez Mosquera</p><p>Lugar: Teatro Bolívar -&nbsp;&nbsp;Calle 7 # 3-105, Centro Histórico</p><p><strong>Viernes, 12 de julio de 2019</strong></p><p><strong>10:00AM</strong></p><p>Conversatorio:</p><p>José Raúl Ordoñez / Universidad del Cauca</p><p>Lugar: Auditorio Rafael Maya – Facultad de Artes Universidad del Cauca</p><p><strong>2:00PM</strong></p><p>Taller: Lecturaleza</p><p>Maestro Jafeth Gómez</p><p>Lugar: Salón de Expresiones – Facultad de Ciencias Exactas, Naturales y de la Educación Universidad del Cauca</p><p><strong>7:00PM</strong></p><p>Presentación Grupo de Teatro de la Universidad del Cauca</p><p>“A la diestra de Dios Padre” de Tomás Carrasquilla</p><p>Adaptación: Enrique Buenaventura</p><p>Director: Daniel Gómez Mosquera</p><p>Lugar: Teatro Bolívar -&nbsp;&nbsp;Calle 7 # 3-105, Centro Histórico</p><p><strong>Jueves 18 y&nbsp;Viernes&nbsp;19 de julio de 2019</strong></p><p><strong>7:00 PM</strong> </p><p>Presentación Teatral</p><p>LA ENCARNACIÓN 1609</p><p>Director: José Raúl Ordoñez</p><p>Lugar: Carrera 5 # 5 – 40, Centro Histórico - Claustro de la Encarnación, Institución Universitaria Colegio Mayor del Cauca.</p><p>&nbsp;</p><p><strong>Si deseas participar en los talleres inscribete aquí:&nbsp;</strong><a href=\"https://forms.gle/6CVRh7ZjgYEhdig48\" target=\"_blank\" style=\"color: rgb(5, 99, 193);\"><strong>https://forms.gle/6CVRh7ZjgYEhdig48</strong></a></p><p>¡LOS ESPERAMOS!</p>',0,'',0,1,'2019-07-09 16:28:26.585456','2019-07-15 17:47:55.846793',19),(79,'temporada-musica-instrumental-7-2019','2019-07-12 23:30:00.000000','2019-07-13 02:00:00.000000','Temporada Música Instrumental','<h3>Temporada Música Instrumental</h3>',0,'',0,1,'2019-07-12 00:18:14.034848','2019-07-12 00:18:14.034863',1),(80,'cuentos-para-salvar-el-semestre-7-2019','2019-07-12 21:00:00.000000','2019-07-12 23:00:00.000000','El colectivo artístico de cuentería presenta: Cuentos para salvar el semestre','<h3>El colectivo artístico de cuentería presenta: Cuentos para salvar el semestre</h3>',0,'',0,1,'2019-07-12 00:20:00.207516','2019-07-12 00:20:00.207532',2),(81,'unicauca-activa-de-corazon-fiet-en-movimiento-7-2019','2019-07-17 21:00:00.000000','2019-07-18 01:00:00.000000','El Comité de Promoción de la Cultura y el Bienestar de la FIET, en conjunto con la Vicerrectoría de Cultura y Bienestar a través ...','<p><span style=\"color: rgb(34, 34, 34);\">El Comité de Promoción de la Cultura y el Bienestar de la FIET, en conjunto con la Vicerrectoría de Cultura y Bienestar a través&nbsp;de sus divisiones de gestión,&nbsp;invitan a la comunidad universitaria a participar de las actividades lúdicas y culturales programadas en el marco del programa Unicauca Activa de Corazón.&nbsp;</span></p><p>Esta jornada se desarrollará el miércoles 17 de julio de la siguiente manera:</p><p><strong>4:00 pm:</strong></p><ul><li class=\"ql-indent-1\">Exprésate con el Arte</li><li class=\"ql-indent-1\">Futbolista de banquitas.&nbsp;</li><li class=\"ql-indent-1\">Campañas de salud integral.&nbsp;&nbsp;</li></ul><p><strong>5:00 pm:</strong></p><ul><li class=\"ql-indent-1\">Taller de Danza Andina&nbsp;</li></ul><p><strong>6:00 pm:</strong></p><ul><li class=\"ql-indent-1\">Cine FIET</li></ul><p>Mayor Información:&nbsp;</p><p>Centro Deportivo Universitario Tulcán</p><p><a href=\"mailto:wmauna@unicauca.edu.co\" target=\"_blank\" style=\"color: rgb(17, 85, 204);\">wmauna@unicauca.edu.co</a></p>',0,'',0,1,'2019-07-16 02:28:45.999588','2019-07-16 14:45:00.319071',2),(83,'unicauca-esta-sonando-7-2019','2019-07-12 13:00:00.000000','2019-12-13 23:00:00.000000','¡Unicauca está sonando!\n\nTemporada Musical 2019','<p class=\"ql-align-justify\">Los esfuerzos para lograr una temporada musical en el Paraninfo de la Universidad son logrados por la visión de ciudad cultural que persigue la rectoría en cabeza del Dr. José Luis Diago, la vicerrectoría de Cultura y Bienestar que preside el Dr. Deibar René Hurtado y la Facultad de Artes que con su Departamento de Música son la base de esta nueva propuesta que aporta a la agenda cultural de a ciudad y a la formación docente y estudiantil.</p><p class=\"ql-align-justify\">El propósito de esta temporada es que la comunidad en general pueda disfrutar de de las bondades musicales, abarcando los diferentes géneros que en la academia y el territorio se han gestado y que tiene la posibilidad de concreción en un espacio tan importante para nuestra Universidad y nuestra ciudad.</p><p class=\"ql-align-justify\">En esta temporada contaremos con profesionales y&nbsp;estudiantes que harán de ella una temporada diversa tanto en genero como en interpretes.</p><p class=\"ql-align-justify\">&nbsp;</p><p class=\"ql-align-center\"><strong>Programación</strong></p><p class=\"ql-align-justify\"><strong>Julio 12</strong></p><p class=\"ql-align-justify\">Banda Sinfónica Universidad del Cauca</p><p class=\"ql-align-justify\">Dir. Carlos Rene Ordoñez Mora</p><p class=\"ql-align-justify\">Música Universal</p><p class=\"ql-align-justify\">Lugar: Paraninfo Francisco José de Caldas</p><p class=\"ql-align-justify\"><strong>Julio 19</strong></p><p class=\"ql-align-justify\">Música de Cámara</p><p class=\"ql-align-justify\">Lugar: Paraninfo Francisco José de Caldas</p><p class=\"ql-align-justify\"><strong>Julio 31</strong></p><p class=\"ql-align-justify\">Música Colombiana</p><p class=\"ql-align-justify\">Ciprés Trío: Carlos Andrés Marcillo- Guitarra, Andrés Felipe Cuellar Astudillo-</p><p class=\"ql-align-justify\">Bandola, Juan Camilo Ciro Castaño-Tiple (Unicauca)</p><p class=\"ql-align-justify\">Lugar: Paraninfo Francisco José de Caldas</p><p class=\"ql-align-justify\"><strong>Septiembre 13</strong></p><p class=\"ql-align-justify\">Jóvenes Talentos</p><p>Jonathan Alexander Rosero</p><p>Francisco A. Romero</p><p class=\"ql-align-justify\">Andrey Sarria Jiménez y Edward Ricardo Delgado</p><p class=\"ql-align-justify\">Lugar: Paraninfo Francisco José de Caldas</p><p class=\"ql-align-justify\"><strong>Septiembre 20</strong></p><p class=\"ql-align-justify\">Música de Cámara</p><p class=\"ql-align-justify\">Diego Hernández, Juan Coronado Chelo - Piano</p><p class=\"ql-align-justify\">(Unicauca)</p><p class=\"ql-align-justify\">Lugar: Paraninfo Francisco José de Caldas</p><p class=\"ql-align-justify\"><strong>Septiembre 27</strong></p><p class=\"ql-align-justify\">Jazz</p><p class=\"ql-align-justify\">Jaime Henao cuarteto (Cali-Artista Nacional)</p><p class=\"ql-align-justify\">Lugar: Paraninfo Francisco José de Caldas</p><p class=\"ql-align-justify\"><strong>Octubre 11</strong></p><p class=\"ql-align-justify\">Jazz y música popular</p><p class=\"ql-align-justify\">David Jaramillo (Bogotá-Artista nacional)</p><p class=\"ql-align-justify\">Lugar:&nbsp;Domo</p><p class=\"ql-align-justify\">Universidad Autónoma de Occidente</p><p class=\"ql-align-justify\"><strong>Octubre 18</strong></p><p class=\"ql-align-justify\">Un Instrumento, un Intérprete</p><p class=\"ql-align-justify\">El Piano</p><p class=\"ql-align-justify\">Andrés Roa (Piano - Unicauca)</p><p class=\"ql-align-justify\">Lugar: Paraninfo Francisco José de Caldas</p><p class=\"ql-align-justify\"><strong>Octubre 25</strong></p><p class=\"ql-align-justify\">Noche de Guitarra</p><p class=\"ql-align-justify\">SeiCor Guitar Duo Cristina Perez - Mauricio Arcos (Unicauca)</p><p class=\"ql-align-justify\">Lugar: Salón Fundadores- Facultad de Derecho</p><p class=\"ql-align-justify\"><strong>Noviembre 1</strong></p><p class=\"ql-align-justify\">Música de Cámara</p><p class=\"ql-align-justify\">Dmitri Petukhov, Juan Coronado Violín - Piano (Unicauca)</p><p class=\"ql-align-justify\">Lugar: Paraninfo Francisco José de Caldas</p><p class=\"ql-align-justify\"><strong>Noviembre 15</strong></p><p class=\"ql-align-justify\">Banda Sinfónica Universidad del Cauca</p><p class=\"ql-align-justify\">Concierto Apertura Popayán Ciudad Libro</p><p class=\"ql-align-justify\">Lugar: Centro de Convenciones Casa de la Moneda</p><p class=\"ql-align-justify\"><strong>Noviembre 16</strong></p><p class=\"ql-align-justify\">Un Instrumento, un Intérprete</p><p class=\"ql-align-justify\">El Acordeón</p><p class=\"ql-align-justify\">Olga Morral Acordeón (España- Artista Internacional)</p><p class=\"ql-align-justify\">Lugar: Centro de Convenciones Casa de la Moneda</p><p class=\"ql-align-justify\"><strong>Noviembre 29</strong></p><p class=\"ql-align-justify\">Música de Cámara</p><p class=\"ql-align-justify\">Miguel Sánchez, Juan Coronado Trombón- Piano (Venezuela-Artista</p><p class=\"ql-align-justify\">Internacional)</p><p class=\"ql-align-justify\">Lugar: Paraninfo Francisco José de Caldas</p><p class=\"ql-align-justify\"><strong>Diciembre 6</strong></p><p class=\"ql-align-justify\">Música Colombiana</p><p class=\"ql-align-justify\">Cuarteto de Saxofones Café y Caña:</p><p class=\"ql-align-justify\">David Fernando Navia - Saxo Soprano</p><p class=\"ql-align-justify\">Sandra Paola Jiménez - Saxo Alto y dirección artística</p><p class=\"ql-align-justify\">Jhony David Getial - Saxo Tenor</p><p class=\"ql-align-justify\">Lugar: Paraninfo Francisco José de Caldas</p><p class=\"ql-align-justify\"><strong>Diciembre 13</strong></p><p class=\"ql-align-justify\">Concierto de Navidad</p><p class=\"ql-align-justify\">Banda Sinfónica Universidad del Cauca</p><p class=\"ql-align-justify\">Dir. Carlos Rene Ordoñez Mora</p><p class=\"ql-align-justify\">Lugar: Paraninfo Francisco José de Caldas</p><p class=\"ql-align-justify\"><br></p><p class=\"ql-align-justify\">Programación completa descargar <a href=\"http://vicecultura.unicauca.edu.co/files/Programa_TemporadaMusical_Rasterizado.pdf\" target=\"_blank\">aquí</a></p>',0,'',0,1,'2019-07-25 15:51:40.855228','2019-07-31 14:05:12.140948',1),(84,'temporada-musical-2019-presenta-cipres-trio-7-2019','2019-07-31 23:30:00.000000','2019-08-01 02:30:00.000000','Temporada Musical 2019 Presenta: Ciprés Trío','<h3>Temporada Musical 2019 Presenta: Ciprés Trío</h3><p><br></p><p>¡Unicauca está sonando!</p>',0,'',0,1,'2019-07-30 21:34:26.084801','2019-07-30 21:34:26.084817',1),(87,'bienvenidos-a-tu-universidad-8-2019','2019-09-02 13:00:00.000000','2019-09-05 23:00:00.000000','Bienvenidos a tu Universidad','<h3>Bienvenidos a tu Universidad</h3>',0,'',0,1,'2019-08-09 00:51:49.801880','2019-08-09 14:30:26.929410',6),(92,'muestra-de-emprendimientos-culturales-y-creativos-9-2019','2019-09-27 20:00:00.000000','2019-09-27 23:00:00.000000','Muestra de Emprendimientos Culturales y Creativos','<p>La Vicerrectoría de Cultura y Bienestar, la División de Gestión de la Cultura y el Programa de Turismo,&nbsp;invitan a estudiantes de pregrado y posgrado y egresados de la Universidad del Cauca, a participar de la I Muestra de Emprendimientos Culturales y creativos, a realizarse el viernes 27 de septiembre en la Casa Museo Mosquera, en el marco de las celebraciones del mes del Patrimonio Cultural.</p><p>Objetivo: Generar espacios para la promoción y fomento de la cultura del emprendimiento en la Universidad del Cauca, mediante la presentación de las iniciativas e ideas de negocio desarrollados por los miembros de la comunidad académica, contribuyendo de esta manera en el fortalecimiento de los procesos formativos e investigativos asociados al emprendimiento y la cultura.</p><p>Dirigido: Estudiantes de pregrado y postgrado y egresados vinculados a Unicauca.</p><p>Recepción de solicitudes: 17 al 19 de septiembre&nbsp;en el siguiente enlace:&nbsp;<a href=\"https://forms.gle/XgWfU8apxqNCdaCw5\" target=\"_blank\" style=\"color: rgb(17, 85, 204);\">https://forms.gle/XgWfU8apxqNCdaCw5</a></p><p><br></p><p>Más información:&nbsp;<a href=\"mailto:departamentoturismo@unicauca.edu.co\" target=\"_blank\" style=\"color: rgb(17, 85, 204);\">departamentoturismo@unicauca.edu.co</a></p>',0,'',0,1,'2019-09-18 13:11:26.391088','2019-09-18 13:12:01.357279',17),(96,'ser-estudioso-cuenta-9-2019','2019-09-25 19:00:00.000000','2019-09-25 22:00:00.000000','El Programa de Permanencia y Graduación (PermaneSer) adscrito a la Vicerrectoría de Cultura y Bienestar de la Universidad del Cauca...','<p><em>El Programa de Permanencia y Graduación (PermaneSer) adscrito a la Vicerrectoría de Cultura y Bienestar de la Universidad del Cauca, invita a los estudiantes unicaucanos a postularse en la convocatoria Ser Estudioso Cuenta que tiene como propósito brindar apoyo económico para financiar la matrícula financiera y gastos de sostenimiento.&nbsp;</em></p><p><em>Para ello, el Programa PermaneSer apoyará la construcción de la formulación del perfil de proyecto comunitario, social y/o académico que desarrollará durante su formación académica, para cumplir con el requisito No.7 de la convocatoria 2019 - 02.&nbsp;</em></p><p><em>Fecha: 25 de septiembre de 2019</em></p><p><em>Hora: 2:00 p.m&nbsp;a 5:00 p.m..&nbsp;</em></p><p><em>Lugar: Auditorio Casa Museo Mosquera Calle 3 #5-14</em></p><p><br></p><p><em>Contacto:&nbsp;</em></p><p><em>Mayra R. Solarte Montoya</em></p><p><em>Componente Apoyo Socio-Económico Estudiantil&nbsp;</em></p><p><em>Programa de Permanencia y Graduación (PermaneSer)</em></p><p><em>Vicerrectoría de Cultura y Bienestar</em></p><p><a href=\"mailto:mayrasolarte@unicauca.edu.co\" target=\"_blank\" style=\"color: rgb(17, 85, 204);\"><em>mayrasolarte@unicauca.edu.co</em></a></p>',0,'',0,1,'2019-09-23 17:46:40.631650','2019-09-23 17:46:40.631665',17),(105,'jornada-de-salud-oral-en-tu-facultad-10-2019','2019-10-08 13:00:00.000000','2019-10-10 22:00:00.000000','Jornada de Salud Oral en tu Facultad','<p><span style=\"color: rgb(34, 34, 34);\">&nbsp;¿te preocupan tus dientes? tenemos la solución.... jornada de salud</span></p><p><span style=\"color: rgb(34, 34, 34);\">oral totalmente gratuita, te esperamos....División de Gestión de Salud Integral&nbsp;y Desarrollo Humano.</span></p><p><br></p><p><span style=\"color: rgb(34, 34, 34);\">¿Acaso te sangran las encías? ¿sientes mal olor en tu boca? ¿te</span></p><p><span style=\"color: rgb(34, 34, 34);\">duele algún diente? es el momento de consultar antes de que sea</span></p><p><span style=\"color: rgb(34, 34, 34);\">demasiado tarde.... te invitamos a participar de las jornada de salud</span></p><p><span style=\"color: rgb(34, 34, 34);\">oral. Estamos ubicados en el sótano de la Facultad de Ingeniería Civil.&nbsp;</span></p>',0,'',0,1,'2019-10-05 16:55:04.932873','2019-10-05 16:55:04.932889',20),(106,'i-encuentro-de-genero-y-etnicidad-10-2019','2019-10-15 14:00:00.000000','2019-10-16 23:00:00.000000','I Encuentro de Género y etnicidad','<h3>I Encuentro de Género y etnicidad</h3>',0,'',0,1,'2019-10-15 15:34:37.733814','2019-10-15 15:34:37.733831',13),(107,'jornada-de-salud-oral-10-2019','2019-10-15 13:00:00.000000','2019-10-17 23:00:00.000000','Jornada de Salud Oral\nEsta semana estamos con tu facultad','<p>Esta semana estamos&nbsp;con tu facultad</p><p><br></p><p>La División de Gestión de Salud Integral&nbsp;y Desarrollo Humano de la Vicerrectoría de Cultura y Bienestar&nbsp;invita a los estudiantes de Facultad de Ingeniería&nbsp;Civil participar en la jornada de salud oral que se realizará los días martes 15 y jueves 17 de octubre en horario de 8:00 de la mañana a 12:00 del día y de 1:00 a 5:00 de la tarde.</p><p><span style=\"color: rgb(85, 85, 85);\">&nbsp;</span></p><p><span style=\"color: rgb(85, 85, 85);\">Las jornadas se llevarán a cabo en la División de Gestión de Salud Integral&nbsp;y Desarrollo Humano (Facultad de Ingeniería Civil).</span></p>',0,'',0,1,'2019-10-15 15:44:52.086589','2019-10-15 15:44:52.086606',21),(112,'jornada-de-salud-oral-facultad-de-artes-10-2019','2019-10-22 13:00:00.000000','2019-10-24 22:00:00.000000','Jornada de Salud Oral\nEsta semana estamos en la Facultad de Artes','<p>Esta semana estamos&nbsp;con tu facultad</p><p><br></p><p>La División de Gestión de Salud Integral&nbsp;y Desarrollo Humano de la Vicerrectoría de Cultura y Bienestar&nbsp;invita a los estudiantes de Facultad de Artes a participar en la jornada de salud oral que se realizará los días martes 22 y jueves 24 de octubre en horario de 8:00 de la mañana a 12:00 del día y de 1:00 a 5:00 de la tarde.</p><p><span style=\"color: rgb(85, 85, 85);\">&nbsp;</span></p><p><span style=\"color: rgb(85, 85, 85);\">Las jornadas se llevarán a cabo en la División de Gestión de Salud Integral&nbsp;y Desarrollo Humano (Facultad de Ingeniería Civil).</span></p>',0,'',0,1,'2019-10-23 15:55:55.928176','2019-10-23 15:55:55.928203',22),(113,'esta-semana-la-cita-es-con-el-teatro-10-2019','2019-10-29 13:00:00.000000','2019-11-02 01:00:00.000000','El Encuentro Regional de Teatro ASCUN 2019, es un espacio de formación artística y fomento al desarrollo del sujeto universitario...','<p><span style=\"color: rgb(28, 30, 33);\">El Encuentro Regional de Teatro ASCUN 2019, es un espacio de formación artística y fomento al desarrollo del sujeto universitario. </span></p><p>Se desarrollará entre el 29 de oct y el 1 de nov, permitiendo mostrar las creaciones y adaptaciones de obras de 8 IES del nodo occidente. Ellas son: U. Del Pacífico, U. Mariana de Pasto, CESMAG, U. Autónoma de Occidente, Pontificia U. Javeriana, Corporación Autónoma del Cauca, Fundación Universitaria de Popayán y Universidad del Cauca.</p><p>La agenda incluye talleres, visitas a las bibliotecas, obras creativas.</p><p>Las funciones de las obras son 11:30am , 5pm y 8pm totalmente gratuitas.</p><p><br></p><p>¡La cita es con el teatro!</p>',0,'',0,1,'2019-10-25 14:28:39.944860','2019-10-25 14:28:39.944875',23),(114,'jornada-de-salud-oral-facultad-de-ciencias-humanas-10-2019','2019-10-29 13:00:00.000000','2019-10-30 22:00:00.000000','Jornada de Salud Oral\nEsta semana estamos en la Facultad de Ciencias Humanas','<p>Esta semana estamos&nbsp;con tu facultad</p><p><br></p><p>La División de Gestión de Salud Integral&nbsp;y Desarrollo Humano de la Vicerrectoría de Cultura y Bienestar&nbsp;invita a los estudiantes de Facultad de Ciencias Humanas y Sociales a participar en la jornada de salud oral que se realizará los días martes 29 y jueves 30 de octubre en horario de 8:00 de la mañana a 12:00 del día y de 1:00 a 5:00 de la tarde.</p><p><span style=\"color: rgb(85, 85, 85);\">&nbsp;</span></p><p><span style=\"color: rgb(85, 85, 85);\">Las jornadas se llevarán a cabo en la División de Gestión de Salud Integral&nbsp;y Desarrollo Humano (Facultad de Ingeniería Civil).</span></p>',0,'',0,1,'2019-10-25 14:34:49.809591','2019-10-25 14:56:25.539093',18),(115,'unicauca-esta-sonando-10-2019','2019-11-01 23:30:00.000000','2019-11-02 02:00:00.000000','Continuamos con la temporada musical 2019, la cita es el 1 de noviembre en el Paraninfo Francisco José de Caldas a las 6:30 ...','<p>Continuamos&nbsp;con la temporada musical 2019, la cita es&nbsp;el 1 de noviembre en el Paraninfo Francisco José de Caldas a las 6:30, ven con tu familia.</p><p>¡Ingreso gratuito!</p>',0,'',0,1,'2019-10-31 14:56:49.741041','2019-10-31 14:56:49.741056',1),(119,'semana-de-la-cultura-y-bienestar-universitario-11-2019','2019-11-26 14:00:00.000000','2019-11-27 23:00:00.000000','La Vicerrectoría de Cultura y Bienestar y el Centro de Regionalización Sede Norte de la Universidad del Cauca en el marco de ...','<p><span style=\"color: rgb(34, 34, 34);\">La Vicerrectoría de Cultura y Bienestar y el Centro de Regionalización&nbsp;Sede Norte de la Universidad del Cauca en el marco de las efemérides 192, invita a la comunidad universitaria a participar de la Semana de la Cultura y el Bienestar Universitario, a realizarse los días&nbsp;martes 26 Y miércoles 27 de noviembre en el polideportivo y bulevar del Campus Carvajal.</span></p>',0,'',0,1,'2019-11-19 19:30:42.983910','2019-11-19 19:30:42.983926',25),(120,'iv-rodada-universitaria-bike-unicauca-11-2019','2019-11-30 12:30:00.000000','2019-11-30 18:00:00.000000','La Vicerrectoría de Cultura y Bienestar, con el apoyo de sus divisiones de gestión y el Programa SIGLA ...','<p>La Vicerrectoría de Cultura y Bienestar, con el apoyo de sus divisiones de gestión&nbsp;y el Programa&nbsp;SIGLA de la División de Gestión del Talento Humano, invitan a la comunidad universitaria y a la ciudadanía en general a la IV Rodada Universitaria, la cual se desarrollará el sábado&nbsp;30 de noviembre.</p><p><br></p><p>El punto de encuentro&nbsp;será la Facultad de Ciencias Agrarias de donde&nbsp;se partirá hasta llegar a la Vereda las Guacas, luego&nbsp;a la vereda El Cabuyo, continuando a la Vereda Clarete y finalmente el regreso nuevamente&nbsp;al Campus de la FACA.</p>',0,'',0,1,'2019-11-19 19:37:31.061047','2019-11-19 19:37:31.061062',26),(125,'sexo-cafe-12-2019','2019-12-05 20:00:00.000000','2019-12-05 22:00:00.000000','La Vicerrectoría de Cultura y Bienestar y su División de Gestión de Salud Integral y Desarrollo Humano, a través de los programas...','<p class=\"ql-align-justify\">La&nbsp;Vicerrectoría de Cultura y Bienestar&nbsp;y su División de Gestión de Salud Integral y Desarrollo Humano, a través de los programas de Género y de Salud Sexual y Reproductiva, invitan a la comunidad universitaria a la actividad de ludografía “Sexo &amp; Café” con el objetivo de eliminar estigmas, mitos, además de promover prácticas sexuales seguras que reduzcan factores de riesgo, que pueden afectar la salud y el proyecto de vida.&nbsp;</p><p class=\"ql-align-justify\">&nbsp;</p><p class=\"ql-align-justify\">Entrada libre. ¡habrá diversión y sorpresas!</p><h1><br></h1>',0,'',0,1,'2019-12-03 14:43:02.149624','2019-12-03 14:43:02.149640',17),(127,'i-seminario-en-ciencias-del-deporte-y-prevencion-de-lesiones-12-2019','2019-12-12 13:00:00.000000','2019-12-12 23:00:00.000000','El Seminario en Ciencias del Deporte y la prevención de lesiones es un espacio para actualizar conceptos y conocimientos a partir de ...','<p>El Seminario en Ciencias del Deporte y la prevención de lesiones es un espacio para actualizar conceptos y conocimientos a partir de la evidencia científica, la experiencia de los profesionales en el área y la investigación como eje central para el planteamiento de las nuevas tendencias y retos que trae las ciencias del deporte para la prevención de lesiones y la preparación deportiva en el alto rendimiento.</p><p>Uno de los pilares fundamentales para el rendimiento deportivo es la prevención de lesiones, puesto que la búsqueda de logros deportivos y la gran incidencia de lesiones hacen que una adecuada preparación y prevención mediante un trabajo interdisciplinar basado en la evidencia científica sea la base para mantener una adecuada salud deportiva, contribuir con el incremento de la vida deportiva y alcanzar las metas propuestas</p><p><br></p><p><strong>Inscripciones:&nbsp;</strong>Hasta el 12 de Diciembre&nbsp;de 2019 o Hasta llenar cupos</p><p><strong>Fecha de inicio:&nbsp;</strong>12 de diciembre de 2019.</p><p><strong>Fecha de terminación:&nbsp;</strong>12 de diciembre de 2019</p><p><strong>Horario</strong>: 8:00 am -12:00 m y de 2:00 pm - 6:00 pm</p><p><strong>Lugar</strong>: Aula Máxima Facultad Ciencias Exactas, Naturales y de la Educación</p><p><strong>Valor de la inversión:&nbsp;Gratuito previa inscripción</strong></p><p><strong>Cupos Limitados.</strong></p><p><br></p><p><strong>Contenido</strong>&nbsp;</p><p>1- Entrenamiento deportivo</p><p>2- Medicina del deporte</p><p>3- Prevención de lesiones</p><p>4- Rehabilitación del deportista lesionado</p><p>&nbsp;</p><p><strong>Objetivo</strong></p><p>El I Seminario de Ciencias del Deporte y Prevención de lesiones tiene como propósito brindar un espacio a los estudiantes, egresados y profesionales del deporte para actualizar sus conocimientos, conceptos, teorías, métodos, técnicas y el uso de nuevas tecnologías utilizadas en el entrenamiento deportivo, la medicina del deporte, la prevención de lesiones y la rehabilitación del deportista</p><p>&nbsp;</p><p><strong>Población objetivo</strong></p><p>Estudiantes, docentes, egresados y profesionales de las ciencias del deporte del suroccidente colombiano.</p><p>&nbsp;</p><p><strong>Metodología</strong></p><p>- Ponencias centrales</p><p>- Conversatorio</p><p>&nbsp;</p><p><strong>Proceso de inscripción</strong></p><ol><li><span style=\"color: rgb(0, 0, 0);\">Ingrese a:&nbsp;</span><a href=\"http://bit.ly/2KrAjH7\" target=\"_blank\" style=\"color: rgb(17, 85, 204);\">http://bit.ly/2KrAjH7</a></li><li>Seleccione el evento I SEMINARIO EN CIENCIAS DEL DEPORTE Y PREVENCIÓN DE LESIONES.</li><li>Mensaje a su correo electrónico durante las 24 horas siguientes a su inscripción (días hábiles) confirmando asignación de cupo.</li></ol><p><br></p><p><strong>Mayor información</strong></p><p>Centro de Educación Continua, Abierta y Virtual</p><p>Teléfono: 8209800&nbsp;ext. 3203</p><p>Correo electrónico:&nbsp;<a href=\"mailto:cecav@unicauca.edu.co\" target=\"_blank\" style=\"color: rgb(220, 161, 13);\">cecav@unicauca.edu.co</a></p>',0,'',1,1,'2019-12-04 16:35:43.367657','2019-12-04 16:35:43.367672',27);
/*!40000 ALTER TABLE `events_event` ENABLE KEYS */;
UNLOCK TABLES;

--
-- Table structure for table `events_event_categories`
--

DROP TABLE IF EXISTS `events_event_categories`;
/*!40101 SET @saved_cs_client     = @@character_set_client */;
/*!40101 SET character_set_client = utf8 */;
CREATE TABLE `events_event_categories` (
  `id` int(11) NOT NULL AUTO_INCREMENT,
  `event_id` int(11) NOT NULL,
  `category_id` int(11) NOT NULL,
  PRIMARY KEY (`id`),
  UNIQUE KEY `events_event_categories_event_id_category_id_05a5fed7_uniq` (`event_id`,`category_id`),
  KEY `events_event_categor_category_id_b1af0343_fk_events_ca` (`category_id`),
  CONSTRAINT `events_event_categor_category_id_b1af0343_fk_events_ca` FOREIGN KEY (`category_id`) REFERENCES `events_category` (`id`),
  CONSTRAINT `events_event_categor_event_id_92354d16_fk_events_ev` FOREIGN KEY (`event_id`) REFERENCES `events_event` (`post_id`)
) ENGINE=InnoDB AUTO_INCREMENT=97 DEFAULT CHARSET=latin1;
/*!40101 SET character_set_client = @saved_cs_client */;

--
-- Dumping data for table `events_event_categories`
--

LOCK TABLES `events_event_categories` WRITE;
/*!40000 ALTER TABLE `events_event_categories` DISABLE KEYS */;
INSERT INTO `events_event_categories` VALUES (8,15,1),(7,20,1),(9,21,2),(10,21,3),(11,22,1),(13,23,1),(15,34,2),(18,35,2),(19,35,3),(28,37,1),(29,37,4),(27,38,1),(26,38,4),(30,39,2),(33,41,2),(34,41,3),(35,44,1),(36,54,1),(37,55,4),(40,56,1),(41,56,4),(42,68,1),(43,69,1),(44,69,4),(47,70,2),(48,70,3),(49,71,3),(50,71,4),(51,74,1),(52,75,2),(53,75,3),(54,76,1),(59,77,1),(57,79,1),(58,80,1),(66,81,1),(67,81,2),(68,81,3),(72,83,1),(71,84,1),(75,87,1),(76,87,4),(79,92,1),(80,92,4),(81,96,4),(82,105,3),(83,106,1),(84,106,4),(85,107,3),(86,112,3),(87,113,1),(89,114,3),(90,115,1),(91,119,1),(92,120,2),(93,120,3),(94,125,3),(95,127,2),(96,127,3);
/*!40000 ALTER TABLE `events_event_categories` ENABLE KEYS */;
UNLOCK TABLES;

--
-- Table structure for table `events_event_organizers`
--

DROP TABLE IF EXISTS `events_event_organizers`;
/*!40101 SET @saved_cs_client     = @@character_set_client */;
/*!40101 SET character_set_client = utf8 */;
CREATE TABLE `events_event_organizers` (
  `id` int(11) NOT NULL AUTO_INCREMENT,
  `event_id` int(11) NOT NULL,
  `organizer_id` int(11) NOT NULL,
  PRIMARY KEY (`id`),
  UNIQUE KEY `events_event_organizers_event_id_organizer_id_09dc83dd_uniq` (`event_id`,`organizer_id`),
  KEY `events_event_organiz_organizer_id_0f0e108b_fk_events_or` (`organizer_id`),
  CONSTRAINT `events_event_organiz_event_id_ff8ed29e_fk_events_ev` FOREIGN KEY (`event_id`) REFERENCES `events_event` (`post_id`),
  CONSTRAINT `events_event_organiz_organizer_id_0f0e108b_fk_events_or` FOREIGN KEY (`organizer_id`) REFERENCES `events_organizer` (`id`)
) ENGINE=InnoDB AUTO_INCREMENT=191 DEFAULT CHARSET=latin1;
/*!40101 SET character_set_client = @saved_cs_client */;

--
-- Dumping data for table `events_event_organizers`
--

LOCK TABLES `events_event_organizers` WRITE;
/*!40000 ALTER TABLE `events_event_organizers` DISABLE KEYS */;
INSERT INTO `events_event_organizers` VALUES (16,15,1),(13,20,2),(14,20,3),(15,20,4),(17,21,2),(18,21,5),(19,21,6),(20,22,7),(22,23,7),(25,34,2),(26,34,5),(34,35,2),(35,35,5),(36,35,6),(37,35,8),(38,35,9),(39,35,10),(40,35,11),(55,37,2),(56,37,12),(57,37,13),(50,38,2),(51,38,7),(52,38,14),(53,38,15),(54,38,16),(58,39,2),(59,39,5),(67,41,2),(68,41,5),(69,41,6),(70,41,8),(71,41,9),(72,41,10),(73,41,11),(74,44,2),(75,44,7),(76,54,17),(77,55,2),(78,55,3),(79,55,6),(83,56,2),(84,56,18),(85,56,19),(86,68,2),(87,68,7),(88,68,20),(89,69,2),(90,69,7),(91,69,21),(97,70,2),(98,70,5),(99,70,6),(100,70,22),(101,70,23),(102,71,2),(103,71,3),(104,74,2),(105,74,7),(106,75,2),(107,75,5),(108,75,6),(109,75,24),(110,76,2),(111,76,7),(120,77,2),(121,77,7),(116,79,2),(117,79,25),(118,80,2),(119,80,7),(132,81,2),(133,81,5),(134,81,6),(135,81,7),(136,81,26),(147,83,2),(148,83,25),(149,83,27),(143,84,2),(144,84,7),(145,84,25),(146,84,27),(151,87,2),(154,92,7),(155,92,28),(156,96,2),(157,96,3),(158,105,2),(159,105,6),(160,106,2),(161,106,7),(162,106,29),(163,107,2),(164,107,6),(165,112,2),(166,112,6),(167,113,2),(170,114,2),(171,114,6),(172,115,2),(173,115,7),(174,115,25),(175,115,27),(176,119,2),(177,119,5),(178,119,6),(179,119,7),(180,120,2),(181,120,5),(182,120,6),(183,120,30),(184,125,2),(185,125,6),(186,125,19),(187,127,2),(188,127,5),(189,127,31),(190,127,32);
/*!40000 ALTER TABLE `events_event_organizers` ENABLE KEYS */;
UNLOCK TABLES;

--
-- Table structure for table `events_organizer`
--

DROP TABLE IF EXISTS `events_organizer`;
/*!40101 SET @saved_cs_client     = @@character_set_client */;
/*!40101 SET character_set_client = utf8 */;
CREATE TABLE `events_organizer` (
  `id` int(11) NOT NULL AUTO_INCREMENT,
  `name` varchar(254) NOT NULL,
  `phone` varchar(18) DEFAULT NULL,
  `website` varchar(200) DEFAULT NULL,
  `email` varchar(254) DEFAULT NULL,
  `created_at` datetime(6) NOT NULL,
  `updated_at` datetime(6) NOT NULL,
  PRIMARY KEY (`id`)
) ENGINE=InnoDB AUTO_INCREMENT=33 DEFAULT CHARSET=latin1;
/*!40101 SET character_set_client = @saved_cs_client */;

--
-- Dumping data for table `events_organizer`
--

LOCK TABLES `events_organizer` WRITE;
/*!40000 ALTER TABLE `events_organizer` DISABLE KEYS */;
INSERT INTO `events_organizer` VALUES (1,'Mujeres Humanistas 2019',' 1131','','dpito@unicauca.edu.co','2019-04-10 22:52:45.992537','2019-04-10 22:52:45.992585'),(2,'Vicerrectoría Cultura Bienestar','8 209800 ext. 1131','http://vicecultura.unicauca.edu.co','vcb@unicauca.edu.co','2019-04-30 20:43:12.072576','2019-04-30 20:43:12.072619'),(3,'PermaneSer','8 209800 ext. 1131','http://vicecultura.unicauca.edu.co','permaneser@unicauca.edu.co','2019-04-30 20:43:42.906241','2019-04-30 20:43:42.906285'),(4,'Oficina Emprendimiento - FACA','8219900','','','2019-04-30 20:46:08.110888','2019-04-30 20:46:08.110928'),(5,'Div Gestión Recreación y Deporte','8209800 ext. 2500','http://vicecultura.unicauca.edu.co/#/vicecultura/gestion-del-deporte','recredeportes@unicauca.edu.co','2019-04-30 21:32:43.243610','2019-04-30 21:32:43.243647'),(6,'Div. Salud Integral','8209800 ext. 2511','http://vicecultura.unicauca.edu.co/#/vicecultura/gestion-salud-desarrollo-humano','salud@unicauca.edu.co','2019-04-30 21:33:37.143293','2019-04-30 21:33:37.143333'),(7,'Div. Gestión de la Cultura','8209900 ext. 1128','http://vicecultura.unicauca.edu.co/#/vicecultura/gestion-de-la-cultura','divpatrimonio@unicauca.edu.co','2019-04-30 21:41:48.784011','2019-04-30 21:41:48.784048'),(8,'P. Actividad Física Formativa','8209800 ext 2359','','actividad-fisica@unicauca.edu.co','2019-05-07 17:02:45.823902','2019-05-07 17:02:45.823940'),(9,'Lic. Educación física Recreación','8209800  ext. 2359','','pfidere@unicauca.edu.co','2019-05-07 17:04:07.613817','2019-05-07 17:04:07.613858'),(10,'Departamento de Fisioterapia','8234118 ext. 1114','','fisioterapia@unicauca.edu.co','2019-05-07 17:05:01.398346','2019-05-07 17:05:01.398386'),(11,'División Gestión Talento Humano','8209900 ext. 1155','','rhumanos@unicauca.edu.co','2019-05-07 17:05:50.324773','2019-05-07 17:05:50.324812'),(12,'Programa de Comunidades Diversas','8 209800 ext. 1131','','','2019-05-09 19:33:09.966699','2019-05-09 19:33:09.966753'),(13,'Centro de Memorias Étnicas','8209800, ext. 2320','','','2019-05-09 19:34:13.869171','2019-05-09 19:34:13.869208'),(14,' Fundación Universitaria Popayán','8320226','https://fup.edu.co/','','2019-05-13 13:33:51.766998','2019-05-13 13:33:51.767047'),(15,'Crp Universitaria Autónoma Cauca','8213000','https://www.uniautonoma.edu.co/','','2019-05-13 13:34:51.409860','2019-05-13 13:34:51.409900'),(16,'Colegio Mayor del Cauca','8241109','https://unimayor.edu.co/web/','','2019-05-13 13:35:17.067213','2019-05-13 13:35:17.067265'),(17,'Red de Museos','8209800, Ext. 2640','','','2019-05-28 22:10:04.335420','2019-05-28 22:10:04.335459'),(18,'Programa de Comunidades Diversas','8 209800 ext. 1131','','','2019-06-05 17:59:03.710403','2019-06-05 17:59:03.710459'),(19,'Programa de Género','8 209800 ext. 1131','','','2019-06-05 17:59:33.263667','2019-06-05 17:59:33.263706'),(20,'Regionalización Sede Norte','8292056','','','2019-06-18 14:52:25.944413','2019-06-18 14:52:25.944452'),(21,'Dialogos Interculturales','8209900','','','2019-06-20 15:04:25.711891','2019-06-20 15:04:25.711928'),(22,'G Inv. Salud y Motricidad Humana','8209900','','','2019-06-21 15:14:55.993548','2019-06-21 15:14:55.993587'),(23,'Semillero SISAMO','8209900','','','2019-06-21 15:15:09.082025','2019-06-21 15:15:09.082063'),(24,'Depto Educación Física R y D','8209900','','','2019-07-03 19:45:16.775872','2019-07-03 19:45:16.775915'),(25,'Faculta de Artes','8209940','','','2019-07-12 00:16:20.792670','2019-07-12 00:16:20.792707'),(26,'Promoción Cultura Bienestar FIET','8209800','','','2019-07-16 02:26:29.764145','2019-07-16 02:26:29.764181'),(27,'Departamento Música','8209900 ','','','2019-07-25 15:47:02.787766','2019-07-25 15:47:02.787805'),(28,'Facultad CCEA','8209800','','','2019-09-18 13:09:35.684360','2019-09-18 13:09:35.684401'),(29,'ICANH','(1) 4440544','','','2019-10-15 15:32:06.315470','2019-10-15 15:32:06.315510'),(30,'Div Gestión del Talento Humano','8209900 ext. 1155','','','2019-11-19 19:32:48.165447','2019-11-19 19:32:48.165484'),(31,'Programa de Fisioterapia','8209800 ext. 2718','','','2019-12-04 16:30:39.876994','2019-12-04 16:30:50.962522'),(32,'Programa Lic. Educación Física',' 8209800 ext. 2359','','','2019-12-04 16:32:10.781244','2019-12-04 16:32:10.781283');
/*!40000 ALTER TABLE `events_organizer` ENABLE KEYS */;
UNLOCK TABLES;

--
-- Table structure for table `events_relatedlink`
--

DROP TABLE IF EXISTS `events_relatedlink`;
/*!40101 SET @saved_cs_client     = @@character_set_client */;
/*!40101 SET character_set_client = utf8 */;
CREATE TABLE `events_relatedlink` (
  `id` int(11) NOT NULL AUTO_INCREMENT,
  `name` varchar(120) NOT NULL,
  `link` varchar(250) NOT NULL,
  `created_at` datetime(6) NOT NULL,
  `updated_at` datetime(6) NOT NULL,
  `category_id` int(11) NOT NULL,
  PRIMARY KEY (`id`),
  KEY `events_relatedlink_category_id_099483ef_fk_events_category_id` (`category_id`),
  CONSTRAINT `events_relatedlink_category_id_099483ef_fk_events_category_id` FOREIGN KEY (`category_id`) REFERENCES `events_category` (`id`)
) ENGINE=InnoDB DEFAULT CHARSET=latin1;
/*!40101 SET character_set_client = @saved_cs_client */;

--
-- Dumping data for table `events_relatedlink`
--

LOCK TABLES `events_relatedlink` WRITE;
/*!40000 ALTER TABLE `events_relatedlink` DISABLE KEYS */;
/*!40000 ALTER TABLE `events_relatedlink` ENABLE KEYS */;
UNLOCK TABLES;

--
-- Table structure for table `events_venue`
--

DROP TABLE IF EXISTS `events_venue`;
/*!40101 SET @saved_cs_client     = @@character_set_client */;
/*!40101 SET character_set_client = utf8 */;
CREATE TABLE `events_venue` (
  `id` int(11) NOT NULL AUTO_INCREMENT,
  `name` varchar(96) NOT NULL,
  `address` varchar(64) NOT NULL,
  `city` varchar(32) NOT NULL,
  `state` varchar(32) NOT NULL,
  `phone` varchar(18) DEFAULT NULL,
  `website` varchar(200) DEFAULT NULL,
  `latitude` double NOT NULL,
  `longitude` double NOT NULL,
  `created_at` datetime(6) NOT NULL,
  `updated_at` datetime(6) NOT NULL,
  PRIMARY KEY (`id`)
) ENGINE=InnoDB AUTO_INCREMENT=28 DEFAULT CHARSET=latin1;
/*!40101 SET character_set_client = @saved_cs_client */;

--
-- Dumping data for table `events_venue`
--

LOCK TABLES `events_venue` WRITE;
/*!40000 ALTER TABLE `events_venue` DISABLE KEYS */;
INSERT INTO `events_venue` VALUES (1,'Paraninfo','Cl. 5 #4, Popayán, Cauca','Popayán','Cauca','1131','',2.44181949831743,-76.60475850105287,'2019-04-10 22:55:35.507923','2019-04-10 22:55:35.507960'),(2,'FIET','Cra. 2 ##4N-140','Popayán','Cauca','8209800','http://www.unicauca.edu.co/',2.4462786341298735,-76.59882545471193,'2019-04-30 20:50:22.572409','2019-04-30 20:50:22.572446'),(3,'Complejo Deportivo','Complejo Deportivo ','Popayán','Cauca','','',2.489850895573669,-76.59281730651855,'2019-04-30 21:36:33.818023','2019-04-30 21:36:33.818061'),(4,'Escuela Normal Superior','calle 17 N° 11A-43 ','Popayán','Cauca','','',2.4564938580779927,-76.59556388854982,'2019-04-30 21:44:27.942178','2019-04-30 21:44:27.942217'),(5,'Municipio La Sierra','Municipio La Sierra','La Sierra','Cauca','','',2.1774615680011036,-76.764714717865,'2019-04-30 21:52:20.658981','2019-04-30 21:52:20.659021'),(6,'CDU Tulcán','CDU Tulcán Universidad del Cauca','Popayán','Cauca','8209800 ext. 2500','',2.4473719776678022,-76.59923315048219,'2019-05-06 20:42:51.267540','2019-05-06 20:42:51.267578'),(7,'Santader de Quilichao','Auditorio Banco de la República','Santader de Quilichao','Cauca','032-8296149','',3.006234320467764,-76.48233175277711,'2019-05-09 19:31:42.822546','2019-05-09 19:31:42.822584'),(8,'Banco de la República','Cra. 6 #2-78','Popayán','Cauca','8244217','',2.4433791256283763,-76.60553634166719,'2019-05-09 19:42:48.914166','2019-05-09 19:42:48.914202'),(9,'Auditorio Sede San Camilo','Cl. 8 #9-51','Popayán','Cauca','','',2.4394720146221673,-76.61011755466461,'2019-05-13 13:36:45.462445','2019-05-13 13:36:45.462484'),(10,'Casa M. Guillermo León Valencia','Cl. 5 #9 82, Popayán, Cauca','Popayán','Cauca','','',2.442044599278247,-76.60825073719026,'2019-05-22 15:53:20.595055','2019-05-22 15:53:20.595098'),(11,'Parque Caldas','Carrera 7ª y 6ª y calles 5ª y 4ª','Popayán','Cauca','','',2.4418730937877156,-76.60635709762575,'2019-05-28 22:10:42.800198','2019-05-28 22:10:42.800236'),(12,'Auditorio de Medicina','Carrera 5 # 13N – 36','Popayán','Cauca','','',2.4509146189839557,-76.59899175167085,'2019-06-04 15:47:54.740409','2019-06-04 15:47:54.740445'),(13,'Salón Fundadores','Cl. 5 #4-70','Popayán','Cauca','','',2.441229948003228,-76.60472631454469,'2019-06-05 18:01:05.370884','2019-06-05 18:01:05.370923'),(14,'Cubierta Vereda La Aurora','Cubierta Vereda La Aurora','Santader de Quilichao','Cauca','','',3.0112699223991855,-76.48269653320314,'2019-06-18 14:53:49.721987','2019-06-18 14:53:49.722028'),(15,'Facultad Ciencias de la Salud','Carrera 5 # 13N – 36','Popayán','Cauca','','',2.4508931809406307,-76.59897565841676,'2019-06-21 15:16:39.168927','2019-06-21 15:16:39.168965'),(16,'Salón Multipropósito FIC','Carrera 2 # 15N esquina','Popayán','Cauca','','',2.445592614199968,-76.59842848777771,'2019-06-25 15:06:13.834453','2019-06-25 15:06:13.834490'),(17,'Casa Mosquera','Cl. 3 #5-14','Popayán','Cauca','','',2.4429825195423334,-76.60471558570862,'2019-07-02 21:28:31.845790','2019-07-02 21:28:31.845826'),(18,'Fac Ciencias Humanas y Sociales','Calle 4 Nº 3-56','Popayán','Cauca','8209800 Ext. 1513','',2.441706947822881,-76.60337984561922,'2019-07-09 16:19:14.720466','2019-07-09 16:19:14.720506'),(19,'Teatro Bolivar  Centro Histórico','Cl. 7 ##3-105','Popayán','Cauca','','',2.43859304706984,-76.60414695739748,'2019-07-09 16:24:30.680949','2019-07-09 16:24:30.680986'),(20,'Div Gestión Salud','Cra 2 #4N-103 Sótano Ingenierías','Popayán','Cauca','312245316','',2.4463107913054682,-76.59888982772829,'2019-10-05 16:47:37.965452','2019-10-05 16:47:37.965488'),(21,'Faculta de Ingeniería Civil','Carrera 2 # 15N esquina','Popayán','Cauca','','',2.4462464769534904,-76.59876108169556,'2019-10-15 15:43:14.168291','2019-10-15 15:43:14.168328'),(22,'Facultad de Artes','Cl. 5 #4-70','Popayán','Cauca','','',2.4415193636443453,-76.60349786281586,'2019-10-23 15:52:52.811298','2019-10-23 15:52:52.811334'),(23,'Teatro Guillermo Valencia','Carrera 6ª','Popayán','Cauca','','',2.4429825195423334,-76.60619080066682,'2019-10-25 14:26:08.664778','2019-10-25 14:26:08.664817'),(24,'Facultad de Ciencias de la Salud','Carrera 5 # 13N – 36','Popayánn','Cauca','01-800-0949020','http://www.unicauca.edu.co/salud/',2.442863855916537,-76.60455873934553,'2019-11-14 19:27:06.238516','2019-11-14 19:27:06.238555'),(25,'Campus Carvajal','Campus Carvajal','Santader de Quilichao','Cauca','','',3.0092556844181773,-76.48529291152956,'2019-11-19 19:27:49.293894','2019-11-19 19:29:12.474834'),(26,'Facultad de Ciencias Agrarias','Las Guacas-Km 3 vía Cárcel','Popayán','Cauca','8245978 ext. 115','',2.4711144623122374,-76.55166149139404,'2019-11-19 19:35:45.472777','2019-11-19 19:35:45.472813'),(27,'Aula Máxima FACNED','2A 3N-111 Sector Tulcán','Popayán','Cauca','','',2.4463000722470256,-76.60031676292421,'2019-12-04 16:33:08.509840','2019-12-04 16:33:08.509876');
/*!40000 ALTER TABLE `events_venue` ENABLE KEYS */;
UNLOCK TABLES;

--
-- Table structure for table `news_image`
--

DROP TABLE IF EXISTS `news_image`;
/*!40101 SET @saved_cs_client     = @@character_set_client */;
/*!40101 SET character_set_client = utf8 */;
CREATE TABLE `news_image` (
  `id` int(11) NOT NULL AUTO_INCREMENT,
  `principal` tinyint(1) NOT NULL,
  `image_file` varchar(100) NOT NULL,
  `created_at` datetime(6) NOT NULL,
  `updated_at` datetime(6) NOT NULL,
  `post_id` int(11) NOT NULL,
  PRIMARY KEY (`id`),
  KEY `news_image_post_id_d3090e29_fk_news_post_id` (`post_id`),
  CONSTRAINT `news_image_post_id_d3090e29_fk_news_post_id` FOREIGN KEY (`post_id`) REFERENCES `news_post` (`id`)
) ENGINE=InnoDB AUTO_INCREMENT=208 DEFAULT CHARSET=latin1;
/*!40101 SET character_set_client = @saved_cs_client */;

--
-- Dumping data for table `news_image`
--

LOCK TABLES `news_image` WRITE;
/*!40000 ALTER TABLE `news_image` DISABLE KEYS */;
INSERT INTO `news_image` VALUES (11,0,'images/Banner_PVCB_BannerWeb_VCB1_copia-min.png','2019-04-04 17:06:58.661619','2019-04-04 17:06:58.661672',1),(12,1,'images/Afiche_Inscrp_DivDeporte_MD-01-min.png','2019-04-10 15:25:35.923105','2019-04-10 15:25:35.923162',12),(13,1,'images/Residencias_UNIcauca1.png','2019-04-10 21:35:37.004252','2019-04-10 21:35:37.004299',13),(14,1,'images/Agenda_Cultural_Universitaria_-min.png','2019-04-10 22:24:10.424311','2019-04-10 22:24:10.424356',14),(17,1,'images/Reclamar_Souvenir_.png','2019-04-12 00:23:31.790768','2019-04-12 00:23:31.790816',17),(18,1,'images/Afiche-editable-IES-min.jpg','2019-04-12 14:14:13.250964','2019-04-12 14:14:13.251010',16),(19,1,'images/Conversatorio_Juegos_Tradicionales_1.png','2019-04-12 14:46:27.652561','2019-04-12 14:46:27.652606',18),(20,1,'images/Afiche__EmprendeSer_Afche_de_EmprenderSer.png','2019-04-12 21:23:57.118893','2019-04-12 21:23:57.118939',19),(23,1,'images/Feria-EmprendeSer.jpg','2019-04-30 21:06:58.245194','2019-04-30 21:06:58.245242',20),(25,1,'images/Rodada_Unicauca_-100-min.jpg','2019-04-30 21:39:04.580223','2019-04-30 21:39:04.580269',21),(26,1,'images/Ponentes_DI-100.jpg','2019-04-30 21:47:34.588790','2019-04-30 21:47:34.588837',22),(27,1,'images/DC_LaSierra_Mesa_de_trabajo_1-min.png','2019-04-30 21:51:04.566961','2019-04-30 21:51:04.567010',23),(28,1,'images/Ruta_Violencia_de_Genero-100.jpg','2019-05-06 19:36:23.574385','2019-05-06 19:36:23.574460',32),(29,1,'images/Intrafacultades_Mayo-100-min.jpg','2019-05-06 20:50:52.254541','2019-05-06 20:50:52.254586',34),(31,0,'images/PreAgenda_UAC-100-min.jpg','2019-05-07 17:09:59.371638','2019-05-07 17:09:59.371685',35),(32,1,'images/Post_MD_UAC-100.jpg','2019-05-07 22:27:30.673773','2019-05-07 22:27:30.673820',35),(33,1,'images/Afiche__EmprendeSer_Afche_de_EmprenderSer_NdBwlsa.png','2019-05-09 13:24:56.371189','2019-05-09 13:24:56.371235',36),(35,1,'images/2doPopayan_DI-100_1.jpg','2019-05-13 13:39:09.723739','2019-05-13 13:39:09.723787',38),(36,1,'images/WhatsApp_Image_2019-05-10_at_4.49.56_PM.jpeg','2019-05-13 20:43:19.824571','2019-05-13 20:43:19.824617',37),(37,1,'images/Torneo_ProfesyAdmins_Mayo_-100_1.jpg','2019-05-14 17:40:33.802248','2019-05-14 17:40:33.802294',39),(38,1,'images/WhatsApp_Image_2019-05-16_at_3.51.18_PM.jpeg','2019-05-16 20:56:56.228580','2019-05-16 20:56:56.228628',40),(39,0,'images/WhatsApp_Image_2019-05-16_at_3.51.19_PM.jpeg','2019-05-16 20:56:56.265199','2019-05-16 20:56:56.265246',40),(40,0,'images/WhatsApp_Image_2019-05-16_at_3.51.19_PM1.jpeg','2019-05-16 20:56:56.381253','2019-05-16 20:56:56.381303',40),(41,0,'images/WhatsApp_Image_2019-05-16_at_3.51.15_PM1.jpeg','2019-05-16 20:56:56.474058','2019-05-16 20:56:56.474105',40),(42,0,'images/WhatsApp_Image_2019-05-16_at_3.51.15_PM2.jpeg','2019-05-16 20:56:56.714459','2019-05-16 20:56:56.714507',40),(43,0,'images/WhatsApp_Image_2019-05-16_at_3.51.15_PM.jpeg','2019-05-16 20:56:56.792915','2019-05-16 20:56:56.792962',40),(44,0,'images/WhatsApp_Image_2019-05-16_at_3.51.16_PM1.jpeg','2019-05-16 20:56:56.867520','2019-05-16 20:56:56.867566',40),(45,0,'images/WhatsApp_Image_2019-05-16_at_3.51.16_PM2.jpeg','2019-05-16 20:56:56.908737','2019-05-16 20:56:56.908780',40),(46,0,'images/WhatsApp_Image_2019-05-16_at_3.51.16_PM.jpeg','2019-05-16 20:56:56.953886','2019-05-16 20:56:56.953925',40),(47,0,'images/WhatsApp_Image_2019-05-16_at_3.51.17_PM1.jpeg','2019-05-16 20:56:57.044101','2019-05-16 20:56:57.044146',40),(48,0,'images/WhatsApp_Image_2019-05-16_at_3.51.17_PM2.jpeg','2019-05-16 20:56:57.422085','2019-05-16 20:56:57.422133',40),(49,0,'images/WhatsApp_Image_2019-05-16_at_3.51.17_PM.jpeg','2019-05-16 20:56:57.464827','2019-05-16 20:56:57.464869',40),(50,0,'images/WhatsApp_Image_2019-05-16_at_3.51.18_PM1.jpeg','2019-05-16 20:56:57.589663','2019-05-16 20:56:57.589709',40),(51,0,'images/WhatsApp_Image_2019-05-16_at_3.51.18_PM2.jpeg','2019-05-16 20:56:57.815800','2019-05-16 20:56:57.815845',40),(52,0,'images/WhatsApp_Image_2019-05-16_at_3.51.18_PM3.jpeg','2019-05-16 20:56:57.858104','2019-05-16 20:56:57.858141',40),(54,1,'images/PHOTO-2019-05-17-17-00-33.jpg','2019-05-17 22:09:44.618528','2019-05-17 22:09:44.618577',41),(55,0,'images/Agenda_UAC-100_1.jpg','2019-05-17 22:09:44.738999','2019-05-17 22:09:44.739045',41),(56,1,'images/IMAGEN_AMPLIACION_DE_CALENDARIO__PARA_ACTUALIZACIÓN_Y_RENOVACION.jpg','2019-05-20 20:11:51.824332','2019-05-20 20:11:51.824379',42),(57,1,'images/ingreso-portal-2019.jpg','2019-05-20 20:16:07.715759','2019-05-20 20:16:07.715810',43),(58,0,'images/image002.jpg','2019-05-20 20:16:36.787542','2019-05-20 20:16:36.787588',43),(59,0,'images/image004.jpg','2019-05-20 20:16:36.851965','2019-05-20 20:16:36.852011',43),(60,1,'images/Afiche_EncuentroGuitarra2-8_1.png','2019-05-22 15:56:30.215328','2019-05-22 15:56:30.215375',44),(61,0,'images/Agenda_EIGuitarra-8_1.png','2019-05-22 15:56:30.299880','2019-05-22 15:56:30.299924',44),(62,1,'images/PIEZA_GRAFICA-min.png','2019-05-22 16:27:14.884417','2019-05-22 16:27:14.884465',45),(63,1,'images/WhatsApp_Image_2019-05-22_at_2.07.35_PM.jpeg','2019-05-22 19:11:06.299336','2019-05-22 19:11:06.299384',46),(64,1,'images/WhatsApp_Image_2019-05-22_at_4.49.25_PM.jpeg','2019-05-23 12:53:27.233027','2019-05-23 12:53:27.233074',47),(65,1,'images/_MG_0484-min.jpg','2019-05-28 17:12:51.944450','2019-05-28 17:12:51.944497',48),(66,0,'images/_MG_0465-min.jpg','2019-05-28 17:14:06.173843','2019-05-28 17:14:06.173893',48),(67,0,'images/_MG_0474-min.jpg','2019-05-28 17:14:06.266771','2019-05-28 17:14:06.266818',48),(68,0,'images/_MG_0436-min.jpg','2019-05-28 17:14:06.367883','2019-05-28 17:14:06.367932',48),(69,0,'images/_MG_0481-min.jpg','2019-05-28 17:14:06.568277','2019-05-28 17:14:06.568324',48),(70,0,'images/_MG_0446-min.jpg','2019-05-28 17:14:06.699676','2019-05-28 17:14:06.699722',48),(71,0,'images/_MG_0501-min.jpg','2019-05-28 17:15:38.971716','2019-05-28 17:15:38.971763',48),(72,0,'images/_MG_0481-min_5UQioGM.jpg','2019-05-28 17:15:39.101269','2019-05-28 17:15:39.101312',48),(73,0,'images/_MG_0494-min.jpg','2019-05-28 17:15:39.261715','2019-05-28 17:15:39.261764',48),(74,0,'images/_MG_0504-min.jpg','2019-05-28 17:15:39.387344','2019-05-28 17:15:39.387394',48),(75,0,'images/_MG_0513-min.jpg','2019-05-28 17:16:57.152987','2019-05-28 17:16:57.153034',48),(76,0,'images/_MG_0518-min.jpg','2019-05-28 17:16:57.267361','2019-05-28 17:16:57.267406',48),(77,0,'images/_MG_0524-min.jpg','2019-05-28 17:16:57.373241','2019-05-28 17:16:57.373287',48),(78,0,'images/_MG_0526-min.jpg','2019-05-28 17:16:57.430794','2019-05-28 17:16:57.430837',48),(79,0,'images/_MG_0548-min.jpg','2019-05-28 17:18:39.341592','2019-05-28 17:18:39.341639',48),(80,0,'images/_MG_0566-min.jpg','2019-05-28 17:18:39.392519','2019-05-28 17:18:39.392561',48),(81,0,'images/_MG_0552-min.jpg','2019-05-28 17:18:39.470023','2019-05-28 17:18:39.470067',48),(82,0,'images/_MG_0541-min.jpg','2019-05-28 17:18:39.587879','2019-05-28 17:18:39.587923',48),(83,1,'images/Junio_Torneo_ProfesyAdmins_Mayo_-100.jpg','2019-05-28 17:23:38.899907','2019-05-28 17:23:38.899956',53),(84,1,'images/NocheDeMuseos_Mayo-100.jpg','2019-05-28 22:12:12.319528','2019-05-28 22:12:12.319585',54),(85,1,'images/WhatsApp_Image_2019-06-04_at_10.36.45_AM.jpeg','2019-06-04 15:50:28.940288','2019-06-04 15:50:28.940337',55),(86,1,'images/WhatsApp_Image_2019-06-05_at_12.44.27_PM.jpeg','2019-06-05 18:03:15.697857','2019-06-05 18:03:15.697904',56),(87,1,'images/WhatsApp_Image_2019-06-06_at_5.42.38_PM.jpeg','2019-06-07 20:25:45.586530','2019-06-07 20:25:45.586570',63),(88,0,'images/Tabla1.JPG','2019-06-07 20:25:59.591738','2019-06-07 20:25:59.591789',63),(89,0,'images/Tabla2.JPG','2019-06-07 20:25:59.719631','2019-06-07 20:25:59.719676',63),(90,1,'images/WhatsApp_Image_2019-06-06_at_6.21.07_PM.jpeg','2019-06-07 20:29:38.475923','2019-06-07 20:29:38.475969',64),(91,0,'images/Captura.JPG','2019-06-07 20:29:38.536445','2019-06-07 20:29:38.536502',64),(92,1,'images/WhatsApp_Image_2019-06-10_at_8.18.09_PM1.jpeg','2019-06-11 02:29:16.701726','2019-06-11 02:29:16.701772',65),(93,0,'images/WhatsApp_Image_2019-06-10_at_8.18.09_PM.jpeg','2019-06-11 02:29:16.883819','2019-06-11 02:29:16.883865',65),(94,0,'images/WhatsApp_Image_2019-06-10_at_8.57.50_PM.jpeg','2019-06-11 02:29:16.981044','2019-06-11 02:29:16.981092',65),(95,1,'images/031bd46c-db0d-4ffc-9e79-963c59bdfcae.JPG','2019-06-14 14:16:47.591534','2019-06-14 14:16:47.591582',66),(96,1,'images/Musica_y_sonoridades2-100.jpg','2019-06-18 14:50:22.868320','2019-06-18 14:50:22.868368',67),(97,1,'images/Musica_y_sonoridades2-100_2E9b70E.jpg','2019-06-18 14:55:12.959988','2019-06-18 14:55:12.960036',68),(98,1,'images/Dia_del_estudiante_Santander_Dia_del_estudiante-min.jpg','2019-06-20 15:08:40.630258','2019-06-20 15:08:40.630305',69),(99,1,'images/SaludEnMovimiento-100_2.jpg','2019-06-21 15:18:25.129879','2019-06-21 15:18:25.129937',70),(100,1,'images/image-min.png','2019-06-25 15:07:58.002205','2019-06-25 15:07:58.002256',71),(101,1,'images/Comite_Politica_institucional_-min.jpg','2019-06-26 16:31:57.875049','2019-06-26 16:31:57.875096',73),(102,1,'images/Convocatoria_ColectivoMusical_VCB-100.jpg','2019-07-02 21:32:13.165065','2019-07-02 21:32:13.165113',74),(103,1,'images/QuilichaoEnMovimiento-100_1.jpg','2019-07-03 19:47:24.647533','2019-07-03 19:47:24.647578',75),(104,1,'images/TCM_Dialogos_Bicentenario_Conversatorio1_DI_VictorPazO_copia_2-min.jpg','2019-07-09 16:21:08.584763','2019-07-09 16:21:08.584808',76),(107,0,'images/ISeminarioDeTeatro_ISeminario_FB-min.jpg','2019-07-09 16:31:09.279201','2019-07-09 16:31:09.279249',77),(108,0,'images/Agenda_SeminarioDeTeatro-03-min.jpg','2019-07-09 16:31:09.379081','2019-07-09 16:31:09.379132',77),(109,1,'images/btnVoluntariado.png','2019-07-12 00:11:22.528830','2019-07-12 00:11:22.528871',78),(110,1,'images/MusicaIns.jpeg','2019-07-12 00:18:20.183970','2019-07-12 00:18:20.184012',79),(111,1,'images/CUenteria.jpeg','2019-07-12 00:20:02.285119','2019-07-12 00:20:02.285163',80),(112,1,'images/ISeminarioDeTeatro_ISeminario_FB-min_GnzhyZ9.jpg','2019-07-15 17:48:03.093134','2019-07-15 17:48:03.093181',77),(114,1,'images/FIETEnMovimiento_FIETEnMovimiento_copia_1.jpg','2019-07-16 14:45:08.199436','2019-07-16 14:45:08.199483',81),(115,1,'images/_MG_3211-min.jpg','2019-07-17 14:04:10.365924','2019-07-17 14:04:10.365971',82),(116,0,'images/_MG_3204-min.jpg','2019-07-17 14:04:10.559182','2019-07-17 14:04:10.559226',82),(117,0,'images/_MG_3210-min.jpg','2019-07-17 14:04:10.675791','2019-07-17 14:04:10.675836',82),(118,0,'images/_MG_3212-min.jpg','2019-07-17 14:04:10.850786','2019-07-17 14:04:10.850830',82),(119,0,'images/_MG_3215-min.jpg','2019-07-17 14:04:10.943234','2019-07-17 14:04:10.943280',82),(120,1,'images/WhatsApp_Image_2019-07-18_at_11.13.41_AM.jpeg','2019-07-25 15:51:42.313167','2019-07-25 15:51:42.313209',83),(121,1,'images/WhatsApp_Image_2019-07-30_at_4.25.24_PM.jpeg','2019-07-30 21:34:28.463444','2019-07-30 21:34:28.463489',84),(122,1,'images/Escudo-con-VCB-NEGRO.png','2019-07-31 18:46:41.289092','2019-07-31 18:46:41.289137',85),(123,1,'images/Escudo-con-VCB-NEGRO_B06WwVV.png','2019-08-09 00:48:09.524063','2019-08-09 00:48:09.524109',86),(125,1,'images/Programacion_bienvenidaPrimiparos_Mesa_de_trabajo_1-min.jpg','2019-08-09 14:30:32.840257','2019-08-09 14:30:32.840302',87),(126,1,'images/IMG_5189.jpg','2019-09-03 02:09:24.949715','2019-09-03 02:09:24.949774',88),(127,0,'images/_MG_5246-min.jpg','2019-09-03 02:10:40.814242','2019-09-03 02:10:40.814287',88),(128,0,'images/_MG_5244-min.jpg','2019-09-03 02:10:40.926897','2019-09-03 02:10:40.926943',88),(129,0,'images/_MG_5337-min.jpg','2019-09-03 02:10:41.025646','2019-09-03 02:10:41.025695',88),(130,0,'images/_MG_5344-min.jpg','2019-09-03 02:11:44.281032','2019-09-03 02:11:44.281079',88),(131,0,'images/_MG_5411-min.jpg','2019-09-03 02:11:44.405156','2019-09-03 02:11:44.405201',88),(132,0,'images/_MG_5372-min.jpg','2019-09-03 02:11:44.590452','2019-09-03 02:11:44.590498',88),(133,0,'images/IMG_5191-min.jpg','2019-09-03 02:12:46.595561','2019-09-03 02:12:46.595608',88),(134,0,'images/IMG_5188-min.jpg','2019-09-03 02:12:46.761080','2019-09-03 02:12:46.761127',88),(135,0,'images/IMG_5419-min.jpg','2019-09-03 02:12:46.862762','2019-09-03 02:12:46.862808',88),(136,0,'images/IMG_5428-min.jpg','2019-09-03 02:13:27.399065','2019-09-03 02:13:27.399120',88),(137,0,'images/IMG_5426-min.jpg','2019-09-03 02:13:27.499928','2019-09-03 02:13:27.499974',88),(138,1,'images/RUTA_DEL_ESTUDIANTE.png','2019-09-07 13:21:01.451147','2019-09-07 13:21:01.451195',89),(140,1,'images/Afiche_Inscrp_DivDeporte_WEB.png','2019-09-16 16:00:47.209459','2019-09-16 16:00:47.209503',90),(141,1,'images/Escudo-con-VCB-NEGRO_w1I2Dt2.png','2019-09-18 13:07:41.945403','2019-09-18 13:07:41.945449',91),(142,1,'images/Flayer_Convocatoria.jpg','2019-09-18 13:11:29.978256','2019-09-18 13:11:29.978310',92),(143,1,'images/WhatsApp_Image_2019-09-17_at_5.32.14_PM.jpeg','2019-09-18 13:44:38.270473','2019-09-18 13:44:38.270519',93),(144,0,'images/WhatsApp_Image_2019-09-17_at_5.32.12_PM.jpeg','2019-09-18 13:44:38.409217','2019-09-18 13:44:38.409299',93),(145,0,'images/WhatsApp_Image_2019-09-17_at_5.32.13_PM.jpeg','2019-09-18 13:44:38.467867','2019-09-18 13:44:38.467920',93),(146,0,'images/WhatsApp_Image_2019-09-17_at_5.32.14_PM_2.jpeg','2019-09-18 13:44:38.614164','2019-09-18 13:44:38.614211',93),(147,0,'images/WhatsApp_Image_2019-09-17_at_5.32.15_PM.jpeg','2019-09-18 13:44:38.704455','2019-09-18 13:44:38.704498',93),(148,1,'images/WhatsApp_Image_2019-09-21_at_7.49.26_PM.jpeg','2019-09-22 16:35:20.027658','2019-09-22 16:35:20.027704',94),(149,1,'images/DPS_-_Peticion_-_Plantilla_respuesta_peticionario_Inicial_page-0001.jpg','2019-09-23 15:12:42.282570','2019-09-23 15:12:42.282617',95),(150,1,'images/2daJornada_SerEstudiosoCuenta_PermaneSer.jpg','2019-09-23 17:46:47.135874','2019-09-23 17:46:47.135923',96),(153,1,'images/Afice_LaSierra_DI_Sept2019_LaSierra_Sept2627.jpg','2019-09-25 15:50:59.751607','2019-09-25 15:50:59.751653',100),(154,1,'images/WhatsApp_Image_2019-09-27_at_10.10.05_AM.jpeg','2019-09-27 21:36:51.787075','2019-09-27 21:36:51.787121',101),(155,1,'images/InscripcionTalleres_Cultura_Mesa_de_trabajo_1.jpg','2019-10-02 16:35:06.801771','2019-10-02 16:35:06.801819',99),(156,0,'images/Captura_gNkNQjW.JPG','2019-10-02 16:35:07.136177','2019-10-02 16:35:07.136230',99),(157,1,'images/Escudo-con-VCB-NEGRO_bJDPBv7.png','2019-10-02 16:38:57.829614','2019-10-02 16:38:57.829664',102),(158,1,'images/logo_jovenes.jpg','2019-10-05 16:52:03.533001','2019-10-05 16:52:03.533045',103),(159,1,'images/Campanas_HO_SI2_Mesa_de_trabajo_1_copia.jpg','2019-10-05 16:55:19.889152','2019-10-05 16:55:19.889199',105),(160,1,'images/WhatsApp_Image_2019-10-15_at_10.28.43_AM.jpeg','2019-10-15 15:34:46.252797','2019-10-15 15:34:46.252843',106),(161,0,'images/WhatsApp_Image_2019-10-15_at_10.28.42_AM.jpeg','2019-10-15 15:34:46.380044','2019-10-15 15:34:46.380090',106),(162,1,'images/IngCivil_Campanas_HO_SI_Mesa_de_trabajo_1_copia_1.jpg','2019-10-15 15:44:56.528443','2019-10-15 15:44:56.528488',107),(163,0,'images/WhatsApp_Image_2019-10-15_at_8.41.52_PM.jpeg','2019-10-16 13:18:25.366289','2019-10-16 13:18:25.366335',100),(164,1,'images/SerEstudCuenta_TalleresOct.jpg','2019-10-16 14:32:58.890647','2019-10-16 14:32:58.890705',111),(165,0,'images/Requisitos_Convocatoria.jpg','2019-10-16 14:32:59.086595','2019-10-16 14:32:59.086652',111),(166,1,'images/Artes_Campanas_HO_SI_Mesa_de_trabajo_1_copia_2.jpg','2019-10-23 15:55:58.971128','2019-10-23 15:55:58.971173',112),(167,1,'images/WhatsApp_Image_2019-10-25_at_7.47.36_AM.jpeg','2019-10-25 14:28:41.574700','2019-10-25 14:28:41.574746',113),(168,0,'images/WhatsApp_Image_2019-10-25_at_7.47.40_AM.jpeg','2019-10-25 14:28:41.700747','2019-10-25 14:28:41.700790',113),(169,0,'images/WhatsApp_Image_2019-10-25_at_7.47.44_AM.jpeg','2019-10-25 14:28:41.810118','2019-10-25 14:28:41.810161',113),(170,0,'images/WhatsApp_Image_2019-10-25_at_7.47.48_AM.jpeg','2019-10-25 14:28:41.902471','2019-10-25 14:28:41.902517',113),(171,0,'images/WhatsApp_Image_2019-10-25_at_7.47.52_AM.jpeg','2019-10-25 14:28:42.078338','2019-10-25 14:28:42.078383',113),(173,1,'images/Humanas_Campanas_HO_SI__Mesa_de_trabajo_1_copia.jpg','2019-10-25 14:56:26.560142','2019-10-25 14:56:26.560189',114),(174,1,'images/Post_conciertos_Post_Concierto_Sept20_copia_5.jpg','2019-10-31 14:57:06.609893','2019-10-31 14:57:06.609940',115),(175,1,'images/Unicauca192-02.png','2019-11-07 00:15:57.109875','2019-11-07 00:15:57.109921',116),(176,1,'images/06.JPG','2019-11-13 17:15:54.309762','2019-11-13 17:15:54.309808',117),(177,0,'images/02.JPG','2019-11-13 17:15:54.405386','2019-11-13 17:15:54.405431',117),(178,0,'images/03.jpg','2019-11-13 17:15:54.547246','2019-11-13 17:15:54.547297',117),(179,0,'images/04.jpg','2019-11-13 17:15:54.648373','2019-11-13 17:15:54.648416',117),(180,0,'images/01.JPG','2019-11-13 17:15:54.772065','2019-11-13 17:15:54.772112',117),(181,0,'images/05.JPG','2019-11-13 17:15:54.929269','2019-11-13 17:15:54.929314',117),(182,0,'images/07.JPG','2019-11-13 17:16:48.787570','2019-11-13 17:16:48.787616',117),(183,0,'images/08.JPG','2019-11-13 17:16:48.896158','2019-11-13 17:16:48.896203',117),(184,0,'images/09.JPG','2019-11-13 17:16:49.005673','2019-11-13 17:16:49.005718',117),(185,0,'images/10.JPG','2019-11-13 17:16:49.122637','2019-11-13 17:16:49.122683',117),(186,0,'images/11.JPG','2019-11-13 17:16:49.209609','2019-11-13 17:16:49.209655',117),(187,0,'images/12.JPG','2019-11-13 17:16:49.293536','2019-11-13 17:16:49.293593',117),(188,0,'images/13.JPG','2019-11-13 17:16:49.404059','2019-11-13 17:16:49.404105',117),(189,1,'images/Escudo-con-VCB-NEGRO_UenO26B.png','2019-11-14 17:43:24.085475','2019-11-14 17:43:24.085522',118),(190,1,'images/SEMANA_DE_LA_CULTURA_Y_BIENESTAR_UNIVERSITARIO_SANTANDER_DE_QUILICHAO_2.png','2019-11-19 19:30:54.604802','2019-11-19 19:30:54.604850',119),(191,1,'images/Ciclo_paseo_FACA.png','2019-11-19 19:37:38.356555','2019-11-19 19:37:38.356603',120),(192,1,'images/WhatsApp_Image_2019-11-28_at_11.58.18_AM.jpeg','2019-11-28 17:06:13.696616','2019-11-28 17:06:13.696664',121),(193,0,'images/WhatsApp_Image_2019-11-28_at_11.58.19_AM.jpeg','2019-11-28 17:06:13.783737','2019-11-28 17:06:13.783782',121),(194,1,'images/03-min.jpg','2019-11-28 17:10:14.395088','2019-11-28 17:10:14.395134',123),(195,0,'images/01-min.jpg','2019-11-28 17:11:46.685778','2019-11-28 17:11:46.685823',123),(196,0,'images/02-min.JPG','2019-11-28 17:11:46.809250','2019-11-28 17:11:46.809294',123),(197,0,'images/04-min.jpg','2019-11-28 17:11:46.883696','2019-11-28 17:11:46.883742',123),(198,0,'images/05-min.JPG','2019-11-28 17:11:47.003282','2019-11-28 17:11:47.003328',123),(199,0,'images/06-min.JPG','2019-11-28 17:11:47.104372','2019-11-28 17:11:47.104423',123),(200,0,'images/07-min.JPG','2019-11-28 17:11:47.267825','2019-11-28 17:11:47.267869',123),(201,0,'images/09-min.jpg','2019-11-28 17:11:47.338166','2019-11-28 17:11:47.338207',123),(202,0,'images/10-min.jpg','2019-11-28 17:11:47.456749','2019-11-28 17:11:47.456794',123),(203,1,'images/Publicidad_monologo__el_sida_y_sus_metaforas.JPG','2019-12-02 16:25:08.728519','2019-12-02 16:25:08.728567',124),(204,1,'images/Sexo__cafe2_Mesa_de_trabajo_1-min.jpg','2019-12-03 14:43:14.255263','2019-12-03 14:43:14.255310',125),(206,1,'images/WhatsApp_Image_2019-12-03_at_5.58.04_PM.jpeg','2019-12-04 16:35:45.096841','2019-12-04 16:35:45.096889',127),(207,1,'images/WhatsApp_Image_2019-12-04_at_12.12.22_PM.jpeg','2019-12-04 17:15:22.186980','2019-12-04 17:15:22.187028',126);
/*!40000 ALTER TABLE `news_image` ENABLE KEYS */;
UNLOCK TABLES;

--
-- Table structure for table `news_news`
--

DROP TABLE IF EXISTS `news_news`;
/*!40101 SET @saved_cs_client     = @@character_set_client */;
/*!40101 SET character_set_client = utf8 */;
CREATE TABLE `news_news` (
  `post_id` int(11) NOT NULL,
  `slug` varchar(64) NOT NULL,
  `abstract` varchar(6000) NOT NULL,
  `description` longtext NOT NULL,
  `active` tinyint(1) NOT NULL,
  `created_at` datetime(6) NOT NULL,
  `updated_at` datetime(6) NOT NULL,
  PRIMARY KEY (`post_id`),
  UNIQUE KEY `news_news_slug_2b9132f1_uniq` (`slug`),
  CONSTRAINT `news_news_post_id_adb3f463_fk_news_post_id` FOREIGN KEY (`post_id`) REFERENCES `news_post` (`id`)
) ENGINE=InnoDB DEFAULT CHARSET=latin1;
/*!40101 SET character_set_client = @saved_cs_client */;

--
-- Dumping data for table `news_news`
--

LOCK TABLES `news_news` WRITE;
/*!40000 ALTER TABLE `news_news` DISABLE KEYS */;
INSERT INTO `news_news` VALUES (12,'inscripcion-a-nuestros-cursos-semilleros-y-seleccionados-4-2019','La Vicerrectoría de Cultura y Bienestar a través de la División de Gestión de la Recreación y el Deporte invitan a la inscripción de ...','<h4><span style=\"color: rgb(34, 34, 34);\">La Vicerrectoría de Cultura y Bienestar a través de la División de Gestión de la Recreación y el Deporte invitan a toda la comunidad universitaria (estudiantes, docentes, administrativos, trabajadores, pensionados y contratistas) a realizar su inscripción en línea a los Cursos Recreativos, Semilleros de Talentos Deportivos y Seleccionados de Representación Universitaria en el siguiente link:&nbsp;</span><a href=\"https://forms.gle/yP6Xs9q72XccnKQR9\" target=\"_blank\" style=\"color: rgb(17, 85, 204);\">https://forms.gle/yP6Xs9q72XccnKQR9</a></h4>',1,'2019-04-10 15:25:13.197415','2019-04-10 15:29:58.078135'),(13,'nuevo-edificio-de-residencias-universitarias-en-unicauca-4-2019','Se construirá nuevo edificio de residencias universitarias en Unicauca','<p class=\"ql-align-center\"><em style=\"background-color: transparent;\">La Universidad del Cauca reafirma su compromiso con el bienestar de los estudiantes a través del servicio de Residencias Universitarias, para lo cual se iniciará en el último trimestre de 2019 la construcción del nuevo edificio.</em></p><p class=\"ql-align-center\"><br></p><p class=\"ql-align-center\"><em style=\"background-color: transparent;\">Para leer la nota haga click </em><a href=\" http://www.unicauca.edu.co/versionP/noticias/universidad/se-construir%C3%A1-nuevo-edificio-de-residencias-universitarias-en-unicauca\" target=\"_blank\" style=\"background-color: transparent;\"><em>aquí&nbsp;</em></a></p><h4><br></h4><p><br></p><p><br></p><p><span style=\"color: rgb(34, 34, 34);\">Nota y Fotografía: Centro de la Gestión de las Comunicaciones</span></p>',1,'2019-04-10 21:35:25.766877','2019-04-10 21:35:25.766908'),(14,'agenda-semana-santa-2019-4-2019','Agenda Semana Santa 2019','<h3><span style=\"color: rgb(32, 33, 36);\">Agenda Semana Santa 2019</span></h3>',1,'2019-04-10 22:23:53.839639','2019-04-10 22:23:53.839669'),(16,'pre-registro-para-jovenes-en-accion-universidad-del-cauca-4-2019','La Vicerrectoría de Cultura y Bienestar realizará formalización  con pre registro a los estudiantes de pregrado.','<p>Con el fin de dar cumplimiento al programa nacional Jóvenes en Acción, la Vicerrectoría de Cultura y Bienestar realizará formalización&nbsp;con pre registro a los estudiantes de pregrado.</p><p>&nbsp;</p><p>Sí&nbsp;cumples los siguientes requisitos estas inforación es para ti:</p><p>&nbsp;</p><p>1.&nbsp;&nbsp;&nbsp;&nbsp;&nbsp;&nbsp;&nbsp;EDAD: entre los 16 y 24 años</p><p>2.&nbsp;&nbsp;&nbsp;&nbsp;&nbsp;&nbsp;&nbsp;Estudiantes universidad del Cauca del municipio de Popayán, tener máximo 4 matrículas para carreras universitarias de pregrado, 3 matrículas para tecnólogos y 2 matrículas para técnicas profesionales</p><p>3.&nbsp;&nbsp;&nbsp;&nbsp;&nbsp;&nbsp;&nbsp;Aparecer en los listados oficiales de desplazamiento, RED UNIDOS, indígenas, adoptabilidad de ICBF, SISBEN III con uno de los puntajes especificados conforme al área de residencia</p><p>4.&nbsp;&nbsp;&nbsp;&nbsp;&nbsp;&nbsp;&nbsp;No haber sido Joven en Acción Previamente.</p><p>5.&nbsp;&nbsp;&nbsp;&nbsp;&nbsp;&nbsp;No aplica para Jóvenes Beneficiarios de Ser Pilo Paga.</p><p>&nbsp;</p><p>Sí cumples con lo anterior no olvides que:</p><p>El Pre registro al programa se&nbsp;realizará en la Facultad de Ciencias Contables, Económicas y Administrativas los días&nbsp;22,23 y 24 de abril&nbsp;&nbsp;en el siguiente horario:</p><p>&nbsp;</p><p>22 de Abril /&nbsp;9:00 AM - 4:00 PM</p><p>23 de Abril /&nbsp;8:00 AM - 4:00 PM</p><p>24 de Abril /&nbsp;8:00 AM – 12 M</p><p>&nbsp;</p><p>&nbsp;Es indispensable presentar el&nbsp;carné estudiantil (si no lo posee recibo vigente de matrícula) y&nbsp;<strong>documento de identificación original.</strong></p><p><br></p><p>De igual manera, la Vicerrectoría de Cultura y Bienestar informa que se atenderá&nbsp;<strong><u>en orden</u></strong>&nbsp;por último digito del documento de identificación.</p><p>&nbsp;&nbsp;&nbsp;&nbsp;&nbsp;&nbsp;&nbsp;&nbsp;22 de Marzo: documentos de identificación terminados en&nbsp;1, 2,3 y 4</p><p>&nbsp;&nbsp;&nbsp;&nbsp;&nbsp;&nbsp;&nbsp;23 de Marzo: documentos de identificación terminados en&nbsp;5, 6,7 y 8</p><h4>&nbsp;&nbsp;&nbsp;&nbsp;&nbsp;&nbsp;&nbsp;24 de Marzo: documentos de identificación terminados en&nbsp;9 y 0</h4>',1,'2019-04-12 00:19:12.064452','2019-04-12 14:14:07.064510'),(17,'ya-puedes-acercarte-a-reclamar-tu-souvenir-4-2019','Si eres estudiante de primer semestre 2019-1 ¡Ya puedes acercarte a reclamar tu souvenir!','<h3>Si eres estudiante de primer semestre 2019-1 ¡Ya puedes acercarte a reclamar tu souvenir!</h3>',1,'2019-04-12 00:23:24.461517','2019-04-12 00:23:24.461542'),(18,'taller-de-juegos-tradicionales-y-autoctonos-namui-namui-4-2019','Este espacio generado por la Vicerrectoría de Cultura y Bienestar a través de sus divisiones...','<p class=\"ql-align-justify\">Este espacio generado por la Vicerrectoría de Cultura y Bienestar a través de sus divisiones de gestión de la Recreación y el Deporte y de la Cultura tiene como fin visibilizar las tradiciones lúdicas de las culturas caucanas y ponerlas en diálogo con otras costumbres arraigadas en diferentes comunidades.</p><p class=\"ql-align-justify\">Este conversatorio- Taller propone una experiencia lúdica con el objeto de&nbsp;fortalecer la vivencia del cuerpo en articulación con los territorios, buscando contribuir con el reconocimiento y la recuperación de prácticas culturales&nbsp;que han visto afectadas por la aparición de las tecnologías.</p><p class=\"ql-align-justify\">En esta ocasión será la comunidad Misak será la protagonista, conoceremos sus juegos tradicionales de la mano de Mamá María Antonia Yalanda, el Taita Esteban Ullune y el profesor Luis Enrique Tumiña quienes conversarán con la Dra. María Eugenia Orejuela para poner a los participantes en contexto sobre este tema además de vivenciar los juegos.</p><p class=\"ql-align-justify\">Esta actividad se llevará a cabo el viernes 26 de abril a las 2:00 pm&nbsp;en el aula Máxima de la Facultad de Ciencias Naturales, Exactas y de la Educación.&nbsp;</p><h4><br></h4>',1,'2019-04-12 14:46:23.521366','2019-04-12 14:46:23.521393'),(19,'feria-emprendeser-4-2019','La Vicerrectoría de Cultura y bienestar a través del su Programa PermaneSer, invita a ...','<h4>La Vicerrectoría de Cultura y bienestar a través del su Programa PermaneSer, invita a la comunidad universitaria a participar de la Feria EmprendeSer– Unicauca Verde. Este espacio tiene como propósito visibilizar las experiencias de emprendimientos de los estudiantes unicaucanos como escenarios educativos donde se fortalezcan las acciones relacionadas con la inclusión, competencias para la vida, emprendimiento y equidad económica .</h4><p><br></p><h4>&nbsp;En esta feria&nbsp;pueden participar colectivos urbanos, marcas o emprendimientos de productos como:</h4><h4>- Semillas nativas y criollas</h4><h4>- Frescos agroecológicos</h4><h4>- Transformados naturales</h4><h4>- Artesanías y manualidades sustentables</h4><h4>- Medicinas naturales</h4><h4>- Productos de aseo de base natural</h4><h4>- Abonos orgánicos</h4><h4>- Re-uso de materiales</h4><h4>- Turismo comunitario</h4><p><br></p><p>		</p><h4>Las postulaciones ya están abiertas y pueden realizarse <a href=\" https://forms.gle/CFr9GzQPYY4oXkeG8\" target=\"_blank\">Aquí</a> </h4><h4>&nbsp;</h4><h4>Recuerda que la feria de llevará a cabo el&nbsp;Jueves, 16 de mayo de 2019, en la Facultad de Ingeniería Electrónica y Telecomunicaciones (FIET) a partir de las 8:00am a 4:00pm</h4><h4>&nbsp;</h4><h4>Organiza:</h4><h4>Programa de Permanencia y Graduación, PermaneSer. </h4><h4>Vicerrectoría de Cultura y Bienestar.</h4><p><br></p><h4>Apoya:&nbsp;&nbsp;Oficina de Emprendimiento de la Facultad de Ciencias Agrarias</h4>',1,'2019-04-12 21:23:45.426232','2019-04-12 21:31:40.563057'),(32,'avance-ruta-de-atencion-para-casos-de-violencia-de-genero-5-2019','El programa de género de la Vicerrectoría de Cultura y Bienestar, socializa con la comunidad universitaria, los avances de la ruta ...','<p>El programa de género de la Vicerrectoría de Cultura y Bienestar, socializa con la comunidad universitaria, los avances de la ruta de atención a casos de violencia basada en género.&nbsp;</p><p>Así mismo invita a participar activamente en la construcción del protocolo de atención, prevención, sanción y protección a las diversas formas de violencia basada en género en la Universidad, como a la construcción de la política de género que permita gozar de una universidad equitativa y libre de violencia.&nbsp;</p><p>Esta ruta se viene implementando desde el año 2018, atendiendo, informando y sensibilizando a la comunidad.</p>',1,'2019-05-06 19:36:19.134292','2019-05-06 19:40:13.084416'),(36,'divulgacion-de-participantes-feria-emprendeser-5-2019','La Vicerrectoría de Cultura y Bienestar a través de su Programa de Permanencia y Graduación (PermaneSer), y la Oficina de Emprendimiento ...','<p>La Vicerrectoría de Cultura y Bienestar a través de su Programa de Permanencia y Graduación (PermaneSer), y la Oficina de Emprendimiento de la Facultad de Ciencias Agrarias, presentan a continuación, las treinta (30) experiencias de emprendimientos elegidas de los estudiantes unicaucanos, para que participen en la <strong>Feria EmprendeSer</strong>, el día 16 de mayo de 2019:&nbsp;</p><p><a href=\"http://vicecultura.unicauca.edu.co/files/Divulgaci%C3%B3n%20de%20participantes_Feria%20EmprendeSer.pdf\" target=\"_blank\">Ver documento</a></p><p class=\"ql-align-justify\">La divulgación de los participantes también se notificará a través de los correos electrónicos registrados al momento de la postulación, así como los aspectos a tener en cuenta por cada uno de los emprendedores en el evento. Cabe anotar, que las experiencias deben confirmar su participación siguiendo las indicaciones establecidas. </p><p class=\"ql-align-justify\">&nbsp;</p><p class=\"ql-align-justify\">Mayor información:</p><p class=\"ql-align-justify\">Programa PermaneSer</p><p class=\"ql-align-justify\">Correo electrónico: mayrasolarte@unicauca.edu.co</p><p><br></p>',1,'2019-05-09 13:24:51.735140','2019-05-09 13:26:07.380655'),(40,'continuamos-con-la-feria-emprendeser-5-2019','La Vicerrectoría de Cultura y Bienestar a través de su Programa PermaneSer y la Oficina de Emprendimiento de la Facultad de Ciencias ...','<p><span style=\"color: rgb(85, 85, 85);\">La Vicerrectoría de Cultura y Bienestar a través de su Programa PermaneSer y la Oficina de Emprendimiento de la Facultad de Ciencias Agrarias, realizaron el día de hoy en la Facultad de Ingeniería Electrónica y Telecomunicaciones la segunda versión de la feria EmprendeSer.</span></p><p><span style=\"color: rgb(85, 85, 85);\">Actividad que tuvo como propósito visibilizar las experiencias de emprendimientos de los estudiantes de la Universidad del Cauca como escenarios educativos donde se fortalezcan las acciones relacionadas con la inclusión, competencias para la vida, emprendimiento, la equidad económica y la permanencia y graduación.</span></p><p>Para esta feria se postularon 48 emprendimientos de los que se seleccionaron 30, lo que permite&nbsp;visibilizar&nbsp;el creciente interés de los estudiantes unicaucanos por generar espacios de emprendimiento encaminados a las temáticas naturales, sostenibles&nbsp;y autosustentables.</p><p>Mayra Solarte, integrante del grupo PermaneSer, quien lidera esta feria, resalta diferentes aspectos, como por ejemplo; algunos de los emprendimientos que hacen parte de esta feria están encaminados a la Universidad Verde con la comercialización de productos agroecológicos producidos en las dos huertas universitarias, proyectos que también son acompañados desde el Programa PermaneSer de&nbsp;esta&nbsp;Vicerrectoría.</p><p>&nbsp;Por otra parte&nbsp;está&nbsp;la participación de estudiantes realizadores de artesanías y manualidades sustentables, alimentos procesados naturales, productos de aseo con bases naturales, medicina natural,&nbsp;tecnología e innovación sustentable&nbsp;<span style=\"color: rgb(85, 85, 85);\">y&nbsp;abonos orgánicos y&nbsp;café provenientes de las fincas de la Universidad, proyectos</span>&nbsp;liderados por estudiantes de nuestra Alma Mater.</p><p><span style=\"color: rgb(85, 85, 85);\">&nbsp;</span>Sumado a lo anterior en esta jornada se&nbsp;contó&nbsp;con diferentes expresiones artísticas lideradas por la Vicerrectoría de Cultura y Bienestar, haciendo de esta feria una fiesta del emprendimiento y la cultura.</p><p>El programa de&nbsp;Permanencia&nbsp;y Graduación PermaneSer a generado esta feria como una estrategia para visibilizar emprendimientos que permitan a los estudiantes la generación de recursos que contribuyan&nbsp;a su&nbsp;sostenimiento&nbsp;económico y con ello a la permanencia y la graduación. Como apuesta futura&nbsp;está&nbsp;la realización de EmprendeSer en otras facultades.</p>',1,'2019-05-16 20:56:40.549237','2019-05-16 20:56:40.549265'),(42,'actualizacion-y-renovacion-de-creditos-icetex-20191-5-2019','Fechas Ampliadas ICETX','<p>Fechas Ampliadas ICETX</p><p>Si&nbsp;cuentas con un crédito activos con el ICETEX, ten en cuenta&nbsp;que la nueva fecha límite&nbsp;es&nbsp;el&nbsp;22 de Mayo del presente año, y recuerda en cuenta que&nbsp;sólo&nbsp;hasta éste día se habilitará la plataforma para realizar actualización de datos y renovación de créditos. y que&nbsp;solicitudes de forma extemporánea serán autorizadas</p>',1,'2019-05-20 20:11:50.718866','2019-05-20 20:11:50.718893'),(43,'programa-de-jovenes-en-accion-5-2019','A partir de hoy los jóvenes Inscritos en el Programa de Jóvenes en Acción, estudiantes de la Universidad del Cauca, podrán revisar ...','<h3><span style=\"color: rgb(34, 34, 34);\">A partir de hoy los jóvenes Inscritos en el Programa de Jóvenes en Acción, estudiantes de la Universidad del Cauca, podrán revisar su resultado de pre-liquidación y liquidación a través del Portal de Información del Joven en Acción, adicional encontrarán un mensaje indicándoles que en caso de que la información sea inconsistente deberán acercarse al enlace del Programa en las Instituciones Educativas.&nbsp;</span></h3>',1,'2019-05-20 20:16:03.376833','2019-05-20 20:16:35.094830'),(45,'ser-estudioso-cuenta-5-2019','El fondo es un mecanismo por medio del cual se facilita el acceso y permanencia de jóvenes egresados de los establecimientos educativos ...','<p>El fondo es un mecanismo por medio del cual se facilita el acceso y permanencia de jóvenes egresados de los establecimientos educativos de los 41 municipios no certificados del departamento del Cauca, que tengan SISBEN y quienes obtuvieron los mejores resultados en las pruebas Saber 11.</p><p>Ofrece créditos educativos 100% condonables y financia matrícula y apoyo de sostenimiento para programas educativos modalidad presencial de:&nbsp;<strong>Pregrado:&nbsp;</strong>nivel profesional en la Universidad del Cauca.</p><p><strong>Requisitos del estudiante:</strong></p><p>Los aspirantes a los créditos condonables deberán cumplir como mínimo con los siguientes requisitos:</p><ul><li>Ser oriundo o haber residido en alguno de los 41 municipios no certificados del Departamento del Cauca durante mínimo cinco (05) años previos a la apertura de la Convocatoria, situación que deberá acreditarse mediante Declaración Extrajuicio o certificación expedida por la Oficina de Planeación del municipio de residencia del aspirante. Para los residentes en veredas y corregimientos, este requisito puede acreditarse mediante certificación expedida por el presidente de la Junta de Acción Comunal o por el Gobernador de cabildo en los casos que aplique.</li><li>Pertenecer a cualquiera de los estratos socioeconómicos definidos como UNO (1), DOS (2) o TRES (3), acreditado por medio de la última factura original de servicios públicos de la vivienda dónde reside el aspirante.</li><li>Estar registrado en el SISBEN, lo cual será validado por la Gobernación del Cauca en el portal oficial del Departamento Nacional de Planeación (SISBEN).&nbsp;</li><li>Ser egresado de alguna de las Instituciones Educativas oficiales de los 41 municipios no certificados del Departamento del Cauca, a partir del año 2016 en adelante.</li><li>Haber presentado la Pruebas SABER 11 a partir del año 2016.</li><li>Estar admitido en alguno de los programas de pregrado o estar cursando primer (I), segundo (II), tercer (III) Semestre, cuarto (IV) semestre o quinto (V) semestre de formación profesional presencial que ofrece la Universidad del Cauca en Popayán y a través del Centro de Regionalización.</li><li>Presentar un perfil de proyecto comunitario, social y/o académico que desarrollará durante su formación académica. El documento del perfil de proyecto debe contener como mínimo los siguientes tópicos:&nbsp;</li></ul><ol><li class=\"ql-indent-1\">Introducción.</li><li class=\"ql-indent-1\">Caracterización de la zona, región y/o comunidad objetivo.</li><li class=\"ql-indent-1\">Planteamiento del problema a resolver.</li><li class=\"ql-indent-1\">Justificación.</li><li class=\"ql-indent-1\">Objetivos generales y específicos.</li><li class=\"ql-indent-1\">Actividades.</li><li class=\"ql-indent-1\">Cronograma.</li><li class=\"ql-indent-1\">Presupuesto.</li><li class=\"ql-indent-1\">Indicadores y Fuente de verificación.</li></ol><ul><li>Contar con el estudio de antecedentes crediticios del codeudor aprobado a través de la central de riesgos seleccionada por el ICETEX. En caso que el resultado sea negativo, el beneficiario deberá presentar un deudor solidario, con la correspondiente aprobación, con el fin de legalizar satisfactoriamente el crédito educativo.</li><li>No haber sido beneficiario de un crédito condonable y/o beca educativa para programas de Educación Superior en la modalidad de pregrado otorgada por entidades públicas de carácter Nacional o Departamental.</li><li>Realizar el proceso de inscripción a través de la página web del ICETEX dentro de los plazos, términos y condiciones señalados.</li></ul><p>Los demás requisitos que el Departamento del Cauca establezca en cada convocatoria.</p><p><br></p><p><strong>Requisitos del codeudor</strong></p><p><strong><em> Si es natural:</em></strong></p><ul><li>Ser mayor de edad.</li><li>Tener domicilio permanente en el país, y que la sede habitual de los negocios o de las actividades laborales esté en el territorio nacional.</li><li>Demostrar ingresos que permitan respaldar la deuda.</li><li>Tener historial financiero y crediticio favorable.</li><li>No ser mayor de 65 años.</li><li>No estar reportado con calificación negativa en ninguna central de riesgo financiero.</li><li>Si es pensionado, demostrar ingresos diferentes a los de la pensión.</li></ul><p><strong>Si es jurídico:</strong></p><ul><li>Que el representante legal de la empresa esté facultado para asumir esta clase de obligaciones previa certificación.</li></ul>',1,'2019-05-22 16:27:05.584129','2019-05-22 16:30:48.087476'),(46,'resolucion-vra-265-de-2019-se-otorga-permiso-academico-5-2019','Emitido por: Vicerrectoría Académica\nDirigido a: Comunidad universitaria\n ','<h1>Ver enlace <a href=\"http://www.unicauca.edu.co/versionP/documentos/resoluciones/resoluci%C3%B3n-vra-265-de-2019-por-la-cual-se-otorga-permiso-acad%C3%A9mico\" target=\"_blank\" style=\"color: rgb(230, 0, 0);\">aquí.</a></h1>',1,'2019-05-22 19:11:04.405658','2019-05-22 19:11:04.405711'),(47,'todos-al-cdu-5-2019','Todos a realizar actividad física, desde la 8:00 estaremos esperándote con diferentes prácticas físicas, deportivas, ...','<h1><span style=\"color: rgb(34, 34, 34);\">Todos a realizar actividad física, desde la 8:00 estaremos esperándote con diferentes prácticas físicas, deportivas, recreativas, terapéuticas y artísticas.&nbsp;</span></h1>',1,'2019-05-23 12:53:24.959306','2019-05-23 12:53:24.959332'),(48,'unicauca-se-activa-de-corazon-5-2019','En lo corrido del mes de mayo, la Vicerrectoría de CulturaY Bienestar ha liderado la realización de actividades en el marco de Unicauca ...','<p class=\"ql-align-justify\">En lo corrido del mes de mayo, la Vicerrectoría de CulturaY Bienestar ha liderado la realización de actividades en el marco de Unicauca Activa de Corazón, entre las que se pueden destacar: el Conversatorio de Juegos Tradicionales, la III Rodada Universitaria, las clases de Actividad Física Formativa itinerante en diferentes campusde nuestra Alma Mater.</p><p class=\"ql-align-justify\">Estas actividades sirvierón de abrebocas a lo que sería la Semana de la Actividad Fisica y la Salud que se llevó a cabo del 20 al 25 de mayo, donse se desarrollarón actividades académicas y prácticas, destacando la participación del Dr. Eder Peña Quimbaya, experto nacional que compartió sus experiencias en formación avanzada doctoral con los estudiantes del doctorado en Telemática y los integrantes de Bienestar Universitario a través de charlas y talleres.</p><p class=\"ql-align-justify\">Del mismo modo se contó con la participación de expertos locales como la Dra. Clara Inez Córdoba, el profesor Robinson Meneces y la profesora Marialucia Paz, quienes mostraron desde diferentes miradas la importancia de la práctica de actividad física en los ámbitos sociales, culturales, académicos y de la salud.</p><p class=\"ql-align-justify\">En lo que se refiere a la práctica de actividad física se realizaron tres jornadas, una en la Facultad de Ciencias Agrarias desarrollada a partir de la actividad física recreativa, orientada por los estudiantes del Escenario en Recreación programa Licenciatura en Educación Física.&nbsp;En esta jorna participaron alrededor de 200 estudiantes de los programas de la Facultad.</p><p class=\"ql-align-justify\">Por otra parte, el juves 23 se desarrollo la actividad “Todos al CDU” llevada a cabo en el Centro deportivo Universitario de Tulcan, donde se llevó a cabo actividad física orientada y libre, entre lo que se destaca: recreación, deportes, zumba, rumba aeróbica. Del mismo modo se conto con actividades decprevención de la enfermedad, promoción de la salud y tamizaje de riesgo cardio-bascular. A esta jornada asistieron aproximadamente 1.500 personas pertenecientes a la comunidad universitaria de Popayán.</p><p class=\"ql-align-justify\">Así las cosas, Unicauca Activa de Corazón se consolidad cada año como una actividad institucional de gran acogida por parte de estudiantes, administrativos y trabajadores. Esto gracias al liderazgo de la Vicerrectoría de Cultura y Bienestar articulada a diferentes unidades académicas y administrativas que se vinculan a la iniciativa como el Departamento de Educación Física, Recreación y Deportes, el Departamento de Fisioterapia y la División de Gestión del Talento Humano.</p><h1><br></h1>',1,'2019-05-28 17:04:10.150911','2019-05-28 17:17:35.844109'),(53,'torneo-interfacultades-mixto-baloncesto-docentes-y-admin-5-2019','Ampliamos las inscripciones hasta el 3 de junio, actívate y participa. ','<p>Ampliamos las inscripciones hasta el 3 de junio, actívate y participa.&nbsp;</p><p>El&nbsp;torneo&nbsp;Interfacultades Mixto de Baloncesto para Docentes y Administrativos, es una iniciativa de algunos&nbsp;profesores&nbsp;con el apoyo de la Vicerrectoría de Cultura y Bienestar que han querido fortalecer la práctica del baloncesto en la Universidad del Cauca.</p><p>Para ello, se propone realizar un&nbsp;torneo&nbsp;en el cual se promueva los hábitos de vida saludable en los funcionarios docentes y administrativos en la sana práctica del deporte (baloncesto).</p><p>Las inscripciones serán de 13 al 03 de junio,&nbsp;</p><p>Inauguración: 4 de junio 6:00 pm- coliseo CDU.</p><p><br></p><p>Descargar planilla de inscripción <a href=\"http://vicecultura.unicauca.edu.co/files/Planilla-de-inscripcion-deportes.pdf\" target=\"_blank\">aquí</a>.</p>',1,'2019-05-28 17:23:34.646527','2019-05-28 17:27:03.460544'),(63,'5-conv-estimulos-proyectos-de-cultura-y-bienestar-2019-6-2019','Emitido por: Vicerrectoría de Cultura y Bienestar\nDirigido a: Comunidad universitaria','<p><span style=\"color: rgb(85, 85, 85); background-color: rgb(234, 234, 234);\">Emitido por: Vicerrectoría de Cultura y Bienestar</span></p><p><span style=\"color: rgb(85, 85, 85); background-color: rgb(234, 234, 234);\">Dirigido a: Comunidad universitaria</span></p><p><strong style=\"background-color: transparent; color: rgb(128, 0, 0);\">PRESENTACIÓN</strong><span style=\"background-color: transparent;\">&nbsp;</span></p><p><span style=\"background-color: transparent;\">La convocatoria suscrita en el acuerdo 030 de 2015 permite fortalecer, visibilizar y apoyar los diferentes grupos que trabajan en torno a la cultura y el bienestar universitario, al interior y en proyección social de nuestra institución; en temas&nbsp;relacionados con&nbsp;cultura, salud, deporte, desarrollo humano, formación artística e investigación-creación. Este reconocimiento también permite apoyar las iniciativas que posteriormente se implementarán en el ámbito universitario.</span></p><p><strong style=\"background-color: transparent; color: rgb(128, 0, 0);\">1. PROPÓSITO</strong></p><p><span style=\"background-color: transparent;\">Fortalecer los proyectos de cultura y bienestar,&nbsp;así como&nbsp;propiciar&nbsp;la creación de grupos de cultura y bienestar entre la comunidad universitaria, a partir del talento artístico, desarrollo humano, la diversidad cultural y de género generando ambientes de&nbsp;vida saludable de los Universitarios.</span></p><p><span style=\"background-color: transparent;\">&nbsp;</span><strong style=\"color: rgb(128, 0, 0); background-color: transparent;\">2. QUIENES PUEDEN PARTICIPAR</strong></p><p><span style=\"background-color: transparent;\">Dirigido a grupos de cultura y bienestar conformados por estudiantes, profesores, administrativos activos de la Universidad del Cauca.</span></p><p><strong style=\"background-color: transparent; color: rgb(128, 0, 0);\">3. CALENDARIO DE LA CONVOCATORIA</strong></p><p><span style=\"background-color: transparent;\">Fechas de participación del proceso de la Quinta Convocatoria de Estímulos a Proyectos de Cultura y Bienestar:</span></p><p><span style=\"background-color: transparent;\">Entrega de documentos en:</span></p><p><span style=\"background-color: transparent;\">División de Cultura y Patrimonio</span></p><p><span style=\"background-color: transparent;\">Panteón de los Próceres</span></p><p><span style=\"background-color: transparent;\">Carrera 7ª No. 3-43</span></p><p><span style=\"background-color: transparent;\">Tel. 8209800 ext. 1128 y 1129</span></p><p><span style=\"background-color: transparent;\">Correo electrónico:&nbsp;</span><a href=\"mailto:divpatrimonio@unicauca.edu.co\" target=\"_blank\" style=\"background-color: transparent; color: rgb(10, 38, 111);\">divpatrimonio@unicauca.edu.co</a></p><p><strong style=\"background-color: transparent;\">Nota:&nbsp;</strong><span style=\"background-color: transparent;\">Solo serán evaluados&nbsp;los proyectos que cumplan con los requisitos y se ajusten a la fecha y hora de cierre.</span></p><p><strong style=\"background-color: transparent; color: rgb(128, 0, 0);\">4. CONSIDERACIONES GENERALES</strong></p><p><strong style=\"background-color: transparent;\">4.1</strong><span style=\"background-color: transparent;\">&nbsp;Los proyectos presentados deben ejecutarse durante el segundo semestre del 2019.</span></p><p><strong style=\"background-color: transparent;\">4.2</strong><span style=\"background-color: transparent;\">&nbsp;Los proyectos que presenten los grupos, estarán encaminados a promover procesos y actividades que beneficien a los miembros de la Universidad del Cauca y del Plan de Desarrollo Institucional.</span></p><p><strong style=\"background-color: transparent;\">4.3&nbsp;</strong><span style=\"background-color: transparent;\">Se considerará no inscrito el Proyecto que no cumpla en su totalidad con&nbsp;los requisitos de esta convocatoria.</span></p><p><strong style=\"background-color: transparent;\">4.4</strong><span style=\"background-color: transparent;\">&nbsp;El proyecto presentado debe estar articulado con las líneas de interés, descritas en el numeral cinco (5).</span></p><p><strong style=\"background-color: transparent;\">4.5</strong><span style=\"background-color: transparent;\">&nbsp;Los miembros del Consejo de Cultura y Bienestar vigente y jefes de divisiones o programas de la vicerrectoría, no podrán participar como integrantes de grupos que presenten proyectos para esta convocatoria.</span></p><p><strong style=\"background-color: transparent;\">4.6</strong><span style=\"background-color: transparent;\">&nbsp;Los proyectos financiados o en proceso de financiación por parte de la Vicerrectoría de Investigaciones, no aplican en esta convocatoria.</span></p><p><strong style=\"background-color: transparent;\">4.7</strong><span style=\"background-color: transparent;\">&nbsp;Se apoyará diez (10) proyectos para esta convocatoria por un valor de Tres millones de&nbsp;pesos m/cte. ($3.000.000.oo</span><strong style=\"background-color: transparent;\">)</strong><span style=\"background-color: transparent;\">. Los cuales deben ser invertidos en el presupuesto presentado en la presente convocatoria.</span></p><p><strong style=\"background-color: transparent;\">4.8</strong><span style=\"background-color: transparent;\">&nbsp;Los postulantes que hayan ganado en la convocatoria 2018 que no hayan cumplido o entregado a satisfacción los resultados propuestos no podrán participar de esta convocatoria 2019 de Estímulos de Cultura y Bienestar.</span></p><p><strong style=\"background-color: transparent;\">4.9</strong><span style=\"background-color: transparent;\">&nbsp;Si al terminar todos los procesos de evaluación de esta convocatoria, no alcanza el número de diez proyectos aprobados se realizara una adenda para el cumplimiento total&nbsp;de apoyos que estipula la presente convocatoria, modificando fechas del cronograma propuesto.</span></p><p><strong style=\"background-color: transparent; color: rgb(128, 0, 0);\">5. LÍNEAS DE ARTICULACION DE LOS PROYECTOS:</strong></p><p><strong style=\"background-color: transparent;\">5.1&nbsp;Cultura</strong><span style=\"background-color: transparent;\">, en este enfoque los aspirantes articularán su proyecto en alguna de las siguientes líneas:</span></p><p><strong style=\"background-color: transparent;\">Puestas en escena</strong><span style=\"background-color: transparent;\">. Proyectos orientados a la divulgación y socialización de las expresiones artísticas de los&nbsp;universitarios, mediante la creación de nuevos espacios de expresión al interior de la Universidad del Cauca, que convoquen a la comunidad universitaria y a la sociedad en general. En&nbsp;la formación de públicos mediante la realización de circuitos culturales que promuevan el intercambio al interior de la Universidad y la región.&nbsp;(Puestas en escena que integren lenguajes artísticos como: Danza, Música, Teatro, Literatura, artes plásticas, audiovisuales).</span>&nbsp;</p><p><strong style=\"background-color: transparent;\">Eventos académicos</strong><span style=\"background-color: transparent;\">. Actividades encaminadas al proceso de formación humana que se desarrolla al interior de la universidad, principalmente acciones desde apropiación y desarrollo de valores humanos, sociales, culturales, artísticos, institucionales y ambientales, así como el establecimiento de relaciones interpersonales y de grupo con respeto en la relación humana, las aptitudes de auto-formación para la vida.&nbsp;</span></p><p><strong style=\"background-color: transparent;\">Poblaciones Diversas.&nbsp;</strong><span style=\"background-color: transparent;\">Proyectos que permitan consolidar procesos de reconocimiento, valoración y promoción de la diversidad desde las artes y la cultura articulada a la investigación entre los universitarios, permitiendo vivir la diversidad e Interculturalidad/multiculturalidad&nbsp;al interior de la Universidad del Cauca.</span></p><p><strong style=\"background-color: transparent;\">Patrimonio Museístico Universitario.&nbsp;</strong><span style=\"background-color: transparent;\">Propuestas sobre trazabilidad de los inventarios de las diferentes colecciones patrimoniales exhibidas o de referencia de los museos universitarios logrando de esta manera una recuperación histórica de sus colecciones.</span></p><p><strong style=\"background-color: transparent;\">Investigación Cultural.</strong><span style=\"background-color: transparent;\">Proyectos que desarrollen procesos de investigación- creación y su implementación frente al estudio de la cultura en el entorno universitario.</span></p><p><strong style=\"background-color: transparent;\">Equidad de género:</strong><span style=\"background-color: transparent;\">Propuestas que promuevan e incentiven la consolidación de relaciones más armónicas entre mujeres y hombres, así como acciones que exalten el papel de las mujeres&nbsp;en la sociedad, para evitar toda forma de discriminación y violencia.</span></p><p><strong style=\"background-color: transparent;\">5.2</strong><span style=\"background-color: transparent;\">&nbsp;</span><strong style=\"background-color: transparent;\">Bienestar Universitario:&nbsp;</strong><span style=\"background-color: transparent;\">Este enfoque permite articular proyectos concernientes a dos grandes componentes del bienestar conformando las siguientes líneas en:</span></p><p><strong style=\"background-color: transparent;\">5.2.1 Salud:</strong></p><p><strong style=\"background-color: transparent;\">Estilos de vida saludables:&nbsp;</strong><span style=\"background-color: transparent;\">Proyectos enfocados a fomentar y promover estilos de vida saludable, mediante la ejecución de diferentes acciones de intervención.</span></p><p><strong style=\"background-color: transparent;\">Campañas de Prevención y promoción en salud sexual y reproductiva</strong><span style=\"background-color: transparent;\">.&nbsp;Proyectos que mediante diferentes estrategias, realicen&nbsp;promoción y prevención en&nbsp;salud sexual y reproductiva.</span></p><p><strong style=\"background-color: transparent;\">Campañas de Prevención y promoción que&nbsp;permitan estrategias articuladastemas relacionados con consumo de sustancia psicoactivas y ludopatía&nbsp;en los estudiantes universitarios</strong><span style=\"background-color: transparent;\">.&nbsp;Proyectos que mediante diferentes estrategias, realicen&nbsp;promoción, prevención y articulación en temas ligados al consumo de sustancias psicoactivas y/o Ludopatía.</span></p><p><strong style=\"background-color: transparent;\">5.2.2 Deportes y Recreación</strong></p><p><strong style=\"background-color: transparent;\">Actividades corporales recreativas.&nbsp;</strong><span style=\"background-color: transparent;\">Programas que fomenten la actividad física mediante estrategias de promoción y prevención, permitiendo apropiación a su&nbsp;estilo de vida.</span></p><p><strong style=\"background-color: transparent;\">Actividades Físicas.&nbsp;</strong><span style=\"background-color: transparent;\">Fomentar hábitos y estilos de vida a través de las actividades físicas (deportivas, Recreativas, lúdicas y competitivas).</span></p><p><strong style=\"background-color: transparent;\">Actividades de integración universitaria.&nbsp;</strong><span style=\"background-color: transparent;\">Incentivar a través del deporte encuentros que permitan un mejor relacionamiento entre la comunidad universitaria.</span></p><p><strong style=\"background-color: transparent; color: rgb(128, 0, 0);\">6. COMPONENTES O ESPECIFICIDADES DEL PROYECTO</strong></p><p><strong style=\"background-color: transparent;\">6.1</strong><span style=\"background-color: transparent;\">&nbsp;-&nbsp;</span><strong style=\"background-color: transparent;\">Nombre del Proyecto:</strong></p><p><span style=\"background-color: transparent;\">El nombre del proyecto debe ser corto, claro y preciso. Se sugiere sea el último ítem que se aborde, luego de que se tenga suficiente ilustración sobre todos los componentes del grupo.&nbsp;</span></p><p><strong style=\"background-color: transparent;\">6.2</strong><span style=\"background-color: transparent;\">&nbsp;-&nbsp;</span><strong style=\"background-color: transparent;\">Antecedentes:&nbsp;</strong></p><p><span style=\"background-color: transparent;\">Señale de manera clara y sencilla cuáles son los antecedentes del proyecto; cuál es la trayectoria del grupo o de sus integrantes en relación con el problema sobre el que se quiere incidir, cuál es la trayectoria de otras personas, grupos o instituciones en este tema y qué avances se han obtenido con anterioridad que sirvan de referente para el presente proyecto. Indique en respuesta a qué necesidad nace el proyecto.</span></p><p><strong style=\"background-color: transparent;\">6.3</strong><span style=\"background-color: transparent;\">&nbsp;-&nbsp;</span><strong style=\"background-color: transparent;\">Formulación del problema:</strong></p><p><span style=\"background-color: transparent;\">Se debe presentar el problema&nbsp;y&nbsp;la situación que se desea resolver o la solución que se apunta con el proyecto; a qué población afecta, desde cuándo se presenta y en qué contextos está presente.</span></p><p><strong style=\"background-color: transparent;\">6.4</strong><span style=\"background-color: transparent;\">&nbsp;-&nbsp;</span><strong style=\"background-color: transparent;\">Justificación:</strong></p><p><span style=\"background-color: transparent;\">Describa por qué es importante realizar el proyecto en el marco de las líneas de articulación&nbsp;&nbsp;del Grupo de Cultura y Bienestar; cuáles son los vacíos o aspectos que se quieren tratar o proyectar.</span></p><p><strong style=\"background-color: transparent;\">6.4</strong><span style=\"background-color: transparent;\">&nbsp;-&nbsp;</span><strong style=\"background-color: transparent;\">Objetivos (General y específicos):&nbsp;</strong></p><p><span style=\"background-color: transparent;\">Pretensión o aspiración a la que se quiere llegar con el proyecto</span></p><p><strong style=\"background-color: transparent;\">6.5</strong><span style=\"background-color: transparent;\">&nbsp;-&nbsp;</span><strong style=\"background-color: transparent;\">Descripción:</strong></p><p><span style=\"background-color: transparent;\">Señale de manera concisa y puntual en qué consiste el proyecto, cómo va a ser organizado, gestionado y por quiénes, de qué manera permiten visibilizar el fortalecimiento de su colectivo o grupo de trabajo, indique cómo van a participar los involucrados en la gestión del proyecto, y cómo se va a coordinar la ejecución de las actividades.</span></p><p><strong style=\"background-color: transparent;\">6.6</strong><span style=\"background-color: transparent;\">&nbsp;-&nbsp;</span><strong style=\"background-color: transparent;\">Resultados, indicadores y fuentes de verificación:</strong></p><p><span style=\"background-color: transparent;\">Los resultados son la expresión cuantitativa de los logros que se pretenden obtener con la ejecución del proyecto, deben ser formuladas en verbos infinitivos medibles y cuantificables. Su adecuada enunciación, no sólo garantiza el logro de los objetivos y facilita el seguimiento del cumplimiento del proyecto,&nbsp;sino que se constituye en la base sobre la cual se determinan las actividades a desarrollar y sus costos asociados.</span></p><p><span style=\"background-color: transparent;\">Ejemplo: revisar esta tabla y los ejemplos.&nbsp;</span></p><p><strong style=\"background-color: transparent;\">6.7</strong><span style=\"background-color: transparent;\">&nbsp;-&nbsp;</span><strong style=\"background-color: transparent;\">Metodología a desarrollar:</strong></p><p><span style=\"background-color: transparent;\">Exprese la manera cómo va a ejecutar el proyecto, enfocando siempre la mirada en los procesos o estrategias que va a adelantar para alcanzar los resultados planteados. La metodología debe expresar el por qué se escoge una forma de trabajo&nbsp;y no otras; qué hace que esta forma de trabajo sea la más pertinente para adelantar el proyecto y cumplir con los objetivos propuestos.</span></p><p><strong style=\"background-color: transparent;\">6.8</strong><span style=\"background-color: transparent;\">&nbsp;-&nbsp;</span><strong style=\"background-color: transparent;\">Cronograma (actividades por semanas):</strong></p><p><span style=\"background-color: transparent;\">Describa detalladamente el tiempo planeado para el desarrollo del proyecto de acuerdo con el tiempo estipulado en la convocatoria, incluyendo cada una de las actividades necesarias para el alcance de los resultados.</span></p><p><strong style=\"background-color: transparent;\">6.9</strong><span style=\"background-color: transparent;\">&nbsp;-&nbsp;</span><strong style=\"background-color: transparent;\">Población beneficiaria (directa e indirecta) y características de la misma:</strong></p><p><span style=\"background-color: transparent;\">Indique quiénes serán las personas o colectivos beneficiados por el proyecto (como por ejemplo público asistente, artistas, estudiantes, personas a capacitar, entre otros) No olvide que gran parte de los proyectos deben beneficiar a la población universitaria.</span></p><p><strong style=\"background-color: transparent;\">6.10</strong><span style=\"background-color: transparent;\">&nbsp;-&nbsp;</span><strong style=\"background-color: transparent;\">Presupuesto:</strong></p><p><span style=\"background-color: transparent;\">Discrimine detalladamente los costos de cada actividad incluida en el cronograma y la fuente de financiación, tanto para recursos aportados por la institución como de los recursos de cofinanciación y los aportados por otras fuentes si los llegara a haber. (Se reitera que los recursos aportados por la Vicerrectoría en caso de ser elegido el proyecto es&nbsp;de $3.000.000 M/CTE. En ningún caso superara la cifra)</span></p><p><strong style=\"background-color: transparent;\">6.11</strong><span style=\"background-color: transparent;\">&nbsp;-&nbsp;</span><strong style=\"background-color: transparent;\">Mecanismos de divulgación o acciones de socialización de los resultados:</strong></p><p><span style=\"background-color: transparent;\">Indique de qué manera el Grupo se va a involucrar o va a participar en procesos de comunicación que permitan que la comunidad universitaria y la sociedad conozca los resultados del proyecto.</span></p><p><strong style=\"background-color: transparent;\">6.12</strong><span style=\"background-color: transparent;\">&nbsp;-&nbsp;</span><strong style=\"background-color: transparent;\">Estrategias de sostenibilidad</strong><span style=\"background-color: transparent;\">:</span></p><p>Defina la propuesta que permita darle continuidad al proyecto y al trabajo del Colectivo, luego de que termine la ejecución de los recursos entregados.</p><p><strong style=\"background-color: transparent;\">Nota:&nbsp;</strong><span style=\"background-color: transparent;\">Toda la propuesta debe ser presentada en el formato diseñado para tal fin. (Anexa formato)</span></p><p><strong style=\"background-color: transparent; color: rgb(128, 0, 0);\">7. COMPONENTES DE EVALUACIÓN</strong></p><p><span style=\"background-color: transparent;\">Cada uno de los proyectos presentados será evaluado por un par definido desde la vicerrectoría de Cultura y Bienestar dependiendo del área temática o línea inscrita, pueden ser funcionarios de la institución y/o por evaluadores externos, quienes calificarán cada uno de los componentes:</span></p><p><strong style=\"background-color: transparent;\">7.1 Factibilidad y coherencia del Proyecto:</strong><span style=\"background-color: transparent;\">Se evaluará teniendo en cuenta:</span></p><ul><li><strong style=\"background-color: transparent;\">7.1.1 Solidez conceptual:</strong><span style=\"background-color: transparent;\">Valorada a través de los ítems: Objetivos del proyecto, Antecedentes, Descripción y Metodología.&nbsp;Máximo: 10 puntos.</span></li><li><strong style=\"background-color: transparent;\">7.1.2 Pertinencia del proyecto:</strong><span style=\"background-color: transparent;\">Valorada a través del ítem Justificación del proyecto. Máximo: 10 puntos.&nbsp;</span>&nbsp;&nbsp;&nbsp;&nbsp;&nbsp;&nbsp;&nbsp;&nbsp;&nbsp;&nbsp;&nbsp;&nbsp;&nbsp;&nbsp;&nbsp;&nbsp;&nbsp;&nbsp;&nbsp;&nbsp;&nbsp;&nbsp;&nbsp;&nbsp;&nbsp;&nbsp;&nbsp;&nbsp;&nbsp;&nbsp;&nbsp;&nbsp;&nbsp;&nbsp;&nbsp;&nbsp;&nbsp;&nbsp;&nbsp;&nbsp;&nbsp;&nbsp;&nbsp;&nbsp;&nbsp;&nbsp;&nbsp;&nbsp;&nbsp;&nbsp;&nbsp;&nbsp;&nbsp;&nbsp;&nbsp;&nbsp;&nbsp;&nbsp;&nbsp;&nbsp;&nbsp;&nbsp;&nbsp;&nbsp;&nbsp;&nbsp;&nbsp;</li><li><strong style=\"background-color: transparent;\">7.1.3 Factibilidad técnica y presupuestal del proyecto:</strong><span style=\"background-color: transparent;\">Se evaluará a través del ítem Presupuesto, y mecanismos de divulgación, de acuerdo con la coherencia con el cronograma planteado. Máximo: 10 puntos.</span></li><li><strong style=\"background-color: transparent;\">7.1.4 Impacto:</strong><span style=\"background-color: transparent;\">Valorado a través del ítem de Resultados, Indicadores y fuentes de verificación. Máximo: 10 puntos.</span></li><li><strong style=\"background-color: transparent;\">&nbsp;7.1.5 Articulación y coherencia con las Políticas de Cultura y Bienestar</strong><span style=\"background-color: transparent;\">. Máximo: 20 Pts.</span></li><li><strong style=\"background-color: transparent;\">7.1.6 Aporte del proyecto a la sostenibilidad del colectivo o grupo beneficiario.</strong><span style=\"background-color: transparent;\">Coherencia y viabilidad de la propuesta planteada: Evaluada a partir de las estrategias de sostenibilidad.&nbsp;Máximo: 20 puntos.</span></li><li><span style=\"background-color: transparent;\">&nbsp;</span><strong style=\"background-color: transparent;\">7.1.7&nbsp;Cobertura:</strong><span style=\"background-color: transparent;\">Evaluada a partir de la Población beneficiaria. Máximo: 10 puntos.</span></li><li><strong style=\"background-color: transparent;\">7.1.8 Participación en procesos de comunicación:</strong><span style=\"background-color: transparent;\">Valorada a través de los mecanismos de divulgación proyectados. Máximo 10 puntos.</span></li></ul><p><strong style=\"background-color: transparent;\">TOTAL PUNTAJE: Máximo 100 Puntos.</strong></p><p><strong style=\"background-color: transparent;\">7.2</strong><span style=\"background-color: transparent;\">&nbsp;El puntaje mínimo para que un proyecto sea calificado como Elegible para cofinanciación será de 60 Puntos.</span></p><p><strong style=\"background-color: transparent;\">7.3</strong><span style=\"background-color: transparent;\">&nbsp;El orden de los ganadores se desarrollará por medio de las líneas de la convocatoria, es decir proyectos postulados en las líneas de articulación de Cultura y Bienestar Universitario (con sus distintos enfoques) que cuenten con los puntajes más altos en su propuesta de postulación serán elegidos, además&nbsp;que cumplan con la evaluación mencionada en el punto 7.2, podrán ser financiados.</span></p><p><strong style=\"background-color: transparent;\">7.4</strong><span style=\"background-color: transparent;\">&nbsp;Si al momento de asignación del último cupo&nbsp;existiera empate en la calificación dentro de los elegibles, se escogerá mediante sorteo. El cual se hará en presencia de la Vicerrector de Cultura y Bienestar y dos representantes del Consejo de Cultura y Bienestar quienes oficiarán como testigos.</span></p><p><strong style=\"background-color: transparent; color: rgb(128, 0, 0);\">8. REQUISITOS DE PRESENTACION</strong></p><p><strong style=\"background-color: transparent;\">8.1</strong><span style=\"background-color: transparent;\">&nbsp;Carta remisoria&nbsp;dirigida a la Vicerrectoría de Cultura y Bienestar, solicitando la incorporación a la convocatoria del proyecto, indicando la línea de interés para ubicar la línea de evaluación. (Documento no subsanable)</span></p><p><strong style=\"background-color: transparent;\">8.2</strong><span style=\"background-color: transparent;\">&nbsp;El proyecto completo y debidamente diligenciado en formato establecido (Documento no subsanable)</span></p><p><a href=\"http://www.unicauca.edu.co/versionP/sites/default/files/files/Formato_estimulos_Conv_Cult_Bienest2019.doc\" target=\"_blank\" style=\"background-color: transparent; color: rgb(10, 38, 111);\"><u>Ver formato</u></a></p><p><strong style=\"background-color: transparent;\">8.3</strong><span style=\"background-color: transparent;\">&nbsp;Entregar la Ficha Técnica del Grupo (nombres y apellidos, códigos, programa académico, semestre).&nbsp;(Documento no subsanable)</span></p><p><strong style=\"background-color: transparent;\">8.4&nbsp;</strong><span style=\"background-color: transparent;\">&nbsp;Firma de carta de compromiso y&nbsp;cumplimiento en la vigencia definida por la convocatoria y la Vicerrectoría de Cultura y Bienestar.</span></p><p><strong style=\"background-color: transparent; color: rgb(128, 0, 0);\">9. PROCEDIMIENTO PARA LA SELECCIÓN DE LOS PROYECTOS</strong></p><p><strong style=\"background-color: transparent;\">9.1&nbsp;</strong><span style=\"background-color: transparent;\">- Una vez cumplida la fecha de cierre de inscripción de la presente convocatoria, se levantará un acta, la cual deberá ser firmada por el Vicerrector de Cultura y Bienestar.</span></p><p><strong style=\"background-color: transparent;\">9.2</strong><span style=\"background-color: transparent;\">&nbsp;- El Vicerrector de Cultura y Bienestar, clasificará los proyectos presentados de acuerdo a las líneas de articulación estipuladas en el numeral 4 del presente anexo y conformará los comités evaluadores de acuerdo a dichas líneas, los cuales serán notificados por escrito.</span></p><p><strong style=\"background-color: transparent;\">9.3</strong><span style=\"background-color: transparent;\">&nbsp;- Los comités evaluadores en la fecha indicada, presentarán su respectivo informe por escrito al Vicerrector de Cultura y Bienestar y se levantará acta Final de evaluación con sus respectivos soportes y firmada por los evaluadores.</span></p><p><strong style=\"background-color: transparent;\">9.4</strong><span style=\"background-color: transparent;\">&nbsp;- Los resultados de la Convocatoria, serán notificados por escrito a todos los grupos y serán publicados en la Página Web de la Institución.</span></p><p><strong style=\"background-color: transparent;\">9.5</strong><span style=\"background-color: transparent;\">&nbsp;- El Vicerrector de Cultura y Bienestar, designará&nbsp;supervisores para cada proyecto, los cuales serán notificados por escrito. Quienes solicitaran soporte y evidencias para el seguimiento y control; posteriormente, presentarán al Consejo de Cultura y Bienestar su informe respecto al valoración del&nbsp;cumplimiento de los objetivos e indicadores planteados.</span></p><p><strong style=\"background-color: transparent;\">9.6</strong><span style=\"background-color: transparent;\">&nbsp;- Para ampliar la información o aclarar inquietudes, se pueden comunicar al correo</span><a href=\"mailto:divpatrimonio@unicauca.edu.co\" target=\"_blank\" style=\"background-color: transparent; color: rgb(10, 38, 111);\">divpatrimonio@unicauca.edu.co</a></p><p><span style=\"background-color: transparent;\">&nbsp;</span></p><p><strong style=\"background-color: transparent; color: rgb(128, 0, 0);\">10. ASPECTOS A TENER EN CUENTA EN LA EJECUCIÓN DEL PROYECTO</strong></p><p><strong style=\"background-color: transparent;\">10.1</strong><span style=\"background-color: transparent;\">&nbsp;- Una vez aprobado el Proyecto, el grupo responsable del mismo adquiere obligación de rendir informe parcial y final 5 de diciembre de 2019, con los respectivos soportes y evidencias ante la Vicerrectoría de Cultura y Bienestar.</span></p><p><strong style=\"background-color: transparent;\">10.2</strong><span style=\"background-color: transparent;\">&nbsp;- Los miembros de los grupos seleccionados, deben comprometerse no sólo a permitir, sino también a colaborar con el seguimiento del proyecto, suministrando oportuna y constantemente la información pertinente.</span></p><p><strong style=\"background-color: transparent;\">10.3</strong><span style=\"background-color: transparent;\">&nbsp;- La entrega de los recursos financieros para la cofinanciación de los proyectos seleccionados, se realizará de acuerdo a las normas que al respecto rigen en la Universidad del Cauca.</span></p><p><strong style=\"background-color: transparent;\">10.4</strong><span style=\"background-color: transparent;\">&nbsp;- Para la ejecución de los recursos financieros aprobados, se debe cumplir con la normatividad financiera vigente en la Universidad del Cauca.</span></p><p><strong style=\"background-color: transparent;\">10.5</strong><span style=\"background-color: transparent;\">&nbsp;- La vicerrectoría de Cultura y Bienestar asignara un supervisor para la ejecución de los proyectos, permitiendo de esta manera un seguimiento a la convocatoria, ver el ítem 9.5</span></p><p><strong style=\"background-color: transparent;\">10.6</strong><span style=\"background-color: transparent;\">&nbsp;- Si una propuesta elegida incumpliera con la propuesta presentada y aprobada en la presente convocatoria se someterá al proceso administrativo y disciplinario definido por la Universidad, quien solicitará reporte a la persona delegada por el colectivo como responsable asimismo a las personas&nbsp;registradas en la ficha técnica.</span></p><p>&nbsp;</p><p>Universitariamente;</p><p>&nbsp;</p><p><em style=\"background-color: transparent;\">(Firma del original)</em></p><p><strong style=\"background-color: transparent;\">DEIBAR RENÉ HURTADO HERRERA</strong></p><p><span style=\"background-color: transparent;\">Vicerrector de Cultura y Bienestar</span></p>',1,'2019-06-07 20:25:44.191078','2019-06-07 20:26:34.949174'),(64,'sexto-premio-regional-de-arte-universitario-2019-6-2019','Sexto Premio Regional de Arte Universitario 2019. Diseño del logotipo conmemorativo Camino al Bicentenario Universidad del Cauca','<p class=\"ql-align-center\"><strong>SEXTO PREMIO REGIONAL DE ARTE UNIVERSITARIO 2019</strong></p><p class=\"ql-align-center\"><strong>DISEÑO DEL LOGOTIPO CONMEMORATIVO CAMINO AL BICENTENARIO&nbsp;UNIVERSIDAD DEL CAUCA.</strong></p><p class=\"ql-align-justify\">La Universidad del Cauca fue fundada en 1827 y se aproxima a cumplir 200 años. El legado histórico, patrimonial, cultural y académico es muy importante para el país y ha estado articulado a la historia de Colombia en tanto es una de sus primeras universidades republicanas. La intención es trabajar conjuntamente determinando acciones y priorizándolas a fin de construir un horizonte colectivo o una hoja de ruta de lo que sería la Universidad del Cauca en el año 2027.</p><p class=\"ql-align-justify\">Por tal&nbsp;motivo, la Vicerrectoría de Cultura y Bienestar convoca al Premio Regional de Arte Universitario en modalidad de Diseño Gráfico, para la elaboración del logotipo conmemorativo <em>Camino al Bicentenario</em>, marca que se usará en todos los eventos y publicaciones relacionados con las efemérides de la institución.</p><p class=\"ql-align-justify\"><strong>OBJETIVO GENERAL.</strong></p><p class=\"ql-align-justify\">Diseño del logotipo conmemorativo, denominada <em>Camino al Bicentenario</em>.</p><p class=\"ql-align-justify\"><strong>PREMIACIÓN.</strong></p><p class=\"ql-align-justify\">El Premio Regional Universitario de Arte, modalidad: logotipo conmemorativo- Camino al Bicentenario realizará una bonificación estímulo de $3.000.000 a la propuesta ganadora&nbsp;seleccionada por el jurado, asimismo se otorgara certificado que lo acredite como ganador.<s> </s></p><p class=\"ql-align-justify\"><strong>1.&nbsp;&nbsp;&nbsp;&nbsp;&nbsp;PRESENTACIÓN DE PROPUESTAS. </strong></p><p class=\"ql-align-justify\">Podrán presentar propuestas:</p><p class=\"ql-align-justify\">- Docentes, estudiantes, administrativos&nbsp;y egresados de instituciones de educación superior de la región – Sur Occidente Colombiano.</p><p class=\"ql-align-justify\"><strong>2.&nbsp;&nbsp;&nbsp;&nbsp;&nbsp;LAS FECHAS DE ENTREGA, SELECCIÓN, PREMIACIÓN FORMAS DE </strong>Envío de las propuestas: </p><p class=\"ql-align-justify\"><strong>3.&nbsp;&nbsp;&nbsp;&nbsp;&nbsp;EL JURADO.</strong></p><p class=\"ql-align-justify\">El jurado estará conformado por dos (2) pares académicos del programa de Diseño Gráfico de la Facultad de Artes de la Universidad del Cauca, quienes serán convocados desde la Vicerrectoría de Cultura y Bienestar. Los nombres del jurado se mantendrán en reserva durante el proceso de selección y evaluación de las propuestas y se darán a conocer sólo a partir de la publicación de los resultados del ganador. El fallo será inapelable.</p><p class=\"ql-align-justify\"><strong>4.&nbsp;&nbsp;&nbsp;&nbsp;&nbsp;INHABILIDADES E INCOMPATIBILIDADES.</strong></p><p class=\"ql-align-justify\">La Universidad del Cauca entiende por inhabilidad e incompatibilidad a aquellas personas que por condiciones específicas o relación con la Institución, no podrán participar en la convocatoria o ser postulados al Premio Regional Universitario de Arte entre ellas:</p><p class=\"ql-align-justify\">a.&nbsp;&nbsp;&nbsp;&nbsp;&nbsp;No podrán presentar propuestas quienes ocupen cargos de dirección universitaria y los miembros del Consejo de Cultura y Bienestar al momento de apertura de la misma.&nbsp;</p><p class=\"ql-align-justify\">b.&nbsp;&nbsp;&nbsp;&nbsp;&nbsp;Aquellas personas que sean designadas como jurados en cualquier modalidad y categoría.</p><p class=\"ql-align-justify\"><strong>5.</strong> <strong>&nbsp;BASES DEL PREMIO. </strong></p><p class=\"ql-align-justify\">Podrán participar todos los universitarios (docentes, administrativos, estudiantes y egresados) matriculados en cualquier Universidad pública y/o privada de la región, para lo cual deberán anexar un certificado expedido por la institución. En el caso de los egresados copias de acta de grado que lo certifiquen. </p><p class=\"ql-align-justify\">1.&nbsp;&nbsp;&nbsp;&nbsp;&nbsp;Se convoca a los participantes para que envíen la propuesta bajo los siguientes elementos:</p><p class=\"ql-align-justify\">a)&nbsp;&nbsp;&nbsp;&nbsp;El logotipo deberá reflejar y respetar el actual manual de imagen gráfica de la Universidad del Cauca, siendo coherente con las marcas institucionales principales (Las marcas principales son las formadas por el escudo acompañado&nbsp;de la leyenda “UNIVERSIDAD DEL CAUCA”), no pudiendo contener ningún elemento o parte del logotipo o escudo actual de la Universidad.</p><p class=\"ql-align-justify\">b)&nbsp;&nbsp;&nbsp;&nbsp;Deberá tenerse en cuenta que el logotipo conmemorativo irá siempre acompañado de la marca institucional de la Universidad del Cauca, por lo que en su diseño deberá tenerse presente la armonía de ambas imágenes. Así mismo la propuesta debe estar acompañada del manual de uso.</p><p class=\"ql-align-justify\">c)&nbsp;&nbsp;&nbsp;&nbsp;&nbsp;La técnica será libre, teniendo en cuenta que el logotipo habrá de ser reproducido posteriormente en distintos soportes y materiales.</p><p class=\"ql-align-justify\">d)&nbsp;&nbsp;&nbsp;&nbsp;Todos los diseños presentados serán originales e inéditos, ni habrán sido premiados con anterioridad en otro concurso, webs o publicados en otro medio digital o impreso. </p><p class=\"ql-align-justify\">2.&nbsp;&nbsp;&nbsp;&nbsp;&nbsp;Cada participante enviará su propuesta a la siguiente dirección:</p><p class=\"ql-align-justify\">División de Cultura y Patrimonio</p><p class=\"ql-align-justify\">Panteón de los Próceres</p><p class=\"ql-align-justify\">Carrera 7ª No. 3-43</p><p class=\"ql-align-justify\">Tel. 8209800 ext. 1128 y 1129</p><p class=\"ql-align-justify\">ANEXANDO dos (2) copias impresas y digitales (cd) del logotipo y su manual de uso, en sobre cerrado y debidamente marcado a nombre de: FRANCISCO VALENCIA – Asunto: Premio Regional Arte Universitario. Debe adjuntarse un oficio de remisión con los datos generales, certificación emitida por la institución universitaria, copia del documento de identidad, teléfonos de contacto, correo electrónico y reseña autor.</p><p class=\"ql-align-justify\">3.&nbsp;&nbsp;&nbsp;&nbsp;&nbsp;No se devolverán&nbsp;trabajos a ningún participante.</p><p class=\"ql-align-justify\">4.&nbsp;&nbsp;&nbsp;&nbsp;&nbsp;No serán admitidas las propuestas que incumplan los requisitos formales y el plazo establecido en el cronograma.</p><p class=\"ql-align-justify\">La participación de la presente convocatoria implica la aceptación total de estas bases.</p><p class=\"ql-align-justify\"><br></p><p class=\"ql-align-center\">(Firma del original)</p><p class=\"ql-align-center\"><strong>DR. DEIBAR RENE HURTADO HERRERA</strong></p><p class=\"ql-align-center\"><strong>Vicerrector de Cultura y Bienestar</strong></p>',1,'2019-06-07 20:29:36.786184','2019-06-07 20:29:36.786210'),(65,'ser-estudioso-cuenta-6-2019','Un programa que incentiva el acceso a la educación superior','<h3>Un programa que incentiva el acceso a la educación superior</h3>',1,'2019-06-11 02:29:10.931121','2019-06-11 02:29:10.931147'),(66,'taller-de-participantes-jovenes-en-accion-6-2019','¿Quieres saber más sobre el programa Jóvenes en Acción?','<h3>¿Quieres saber más sobre el programa Jóvenes en Acción?</h3>',1,'2019-06-14 14:16:45.226332','2019-06-14 14:16:45.226358'),(67,'dialogos-interculturales-en-santander-de-quilichao-6-2019','Este domingo 23 de junio se llevará a cabo el primer Conversatorio de Diálogos Interculturales en Territorio Nasa del Municipio ...','<p class=\"ql-align-center\"><em style=\"color: rgb(85, 85, 85);\">Este domingo 23 de junio se llevará a cabo el primer Conversatorio de Diálogos Interculturales en Territorio Nasa del Municipio de Santander de Quilichao, una iniciativa ejecutada por la Vicerrectoría de Cultura y Bienestar, a través de la División de Gestión de la Cultura y en articulación con la Alcaldía Municipal de Santander de Quilichao</em></p><p>&nbsp;</p><p class=\"ql-align-justify\">Los Diálogos Interculturales 2019, son una iniciativa de la Vicerrectoría de Cultura y Bienestar a través de su División de Gestión de la Cultura, que abren su agenda en el municipio Santander de Quilichao con un encuentro que se llevará a cabo en la Vereda La Aurora, Resguardo Indígena Munchique Los Tigres con el ánimo de generar espacios de reflexión y acción con las comunidades de esta localidad alrededor de la relaciones sociales, políticas y manifestaciones culturales que se tejen en el territorio, por esta razón esta versión que se desarrollará con la comunidad quilichagüeña se ha denominado “Música y Sonoridades” con la articulación y trabajo en conjunto con la Administración Municipal.</p><p class=\"ql-align-justify\">El evento se llevará a cabo en el coliseo de la Vereda La Aurora con el objetivo de interactuar con la región desde los distintos contextos para la construcción de&nbsp;región como compromiso social de la Alma Mater en el departamento del Cauca. En esta línea, Diálogos Interculturales busca generar escenarios que permitan esta relación proponiendo ejercicios académicos como conversatorios, ponencias y foros de sabedores tradicionales y académicos, al igual que puestas en escena de las manifestaciones artísticas y culturales propias de los pueblos, abiertos para la participación de la comunidad&nbsp;y público en general.</p><p class=\"ql-align-justify\">En esta versión se exaltará la labor del líder indígena del pueblo nasa, Álvaro Ulcué Chocué, personaje importante dentro de los procesos sociales, políticos y en la lucha por el territorio y la identidad de los pueblos de ésta descendencia.</p><p class=\"ql-align-justify\">La actividad cuenta con el apoyo del Centro de Regionalización de la Universidad del Cauca – Sede Norte, Centro Municipal de Memoria de Santander de Quilichao, Consejo Municipal de Cultura, Fundación Cultural Agenda Valle y Cauca y gestores culturales de la región,&nbsp;quienes se han dedicado a aportar a los procesos de construcción y fortalecimiento de las identidades y el arraigo cultural de la zona.</p><p class=\"ql-align-justify\">&nbsp;</p><p class=\"ql-align-justify\"><br></p><p class=\"ql-align-justify\">Mayor Información:</p><p>Panteón de los Próceres Calle 3ª Nº 5-14 Centro Histórico</p><p>Tel. 8209800 ext. 1128 y 1129 - Telefax: 8240683</p><p class=\"ql-align-justify\">Correo Electrónico:&nbsp;<a href=\"mailto:angelicafernandez@unicauca.edu.co\" target=\"_blank\" style=\"color: rgb(17, 85, 204);\">angelicafernandez@unicauca.edu.co</a></p>',1,'2019-06-18 14:50:09.625528','2019-06-18 14:50:09.625554'),(73,'avanza-politica-educacion-inclusiva-en-nuestra-alma-mater-6-2019','Con la participación del Comité de Discapacidad, el Programa de Género y Comunidades Diversas de la Vicerrectoría de Cultura y Bienestar...','<p class=\"ql-align-justify\">Con la participación del Comité de Discapacidad, el Programa de Género y Comunidades Diversas de la Vicerrectoría de Cultura y Bienestar; así como los colectivos universitarios de género, Palenque y Cabildo Universitario; estudiantes, profesores y directivos se continúa aunando esfuerzos en la construcción de la política institucional que busca la inclusión.</p><p class=\"ql-align-justify\">Con este propósito se llevó a cabo el pasado 21 de junio una jornada intensiva de trabajo en la sede la Facultad de Ciencias Naturales Exactas y de la Educación, para continuar con las acciones mancomunadas&nbsp;que se vienen desarrollando en nuestra Alma Mater.</p><p class=\"ql-align-justify\">Una educación inclusiva implica cambios estructurales en las culturas, mentalidades, políticas y especialmente en las prácticas educativas con poblaciones de especial protección constitucional y una lectura compleja, empática y diversa&nbsp;&nbsp;al interior de la comunidad universitaria enriquecida con una perspectiva de género e identidades de género.</p><p class=\"ql-align-justify\">El grupo reunido avanza en la construcción de un documento marco y una propuesta de ruta metodológica que garantice la inclusión, el debate y construcción colectiva de la política en cumplimiento con los lineamientos del Ministerio de Educación para una política inclusiva en la educación superior. UNICAUCA se pone a tono con las demandas del contexto territorial y avanza a paso firme en políticas de reconocimiento de nuestras diversidades. Bienvenidas todas las propuestas.</p>',1,'2019-06-26 16:31:46.020216','2019-06-26 16:31:46.020245'),(78,'inscripciones-para-el-voluntariado-ssu-2019-ii-7-2019','Se informa a todos los Estudiantes que deseen inscribirse en el Voluntariado de Servicio Social Universitario para el II periodo 2019 ...','<p><span style=\"background-color: rgb(234, 234, 234); color: rgb(85, 85, 85);\">Emitido por: Vicerrectoría de Cultura y Bienestar</span></p><p><span style=\"color: rgb(85, 85, 85); background-color: rgb(234, 234, 234);\">Dirigido a: Estudiantes y ofertas </span></p><p><span style=\"color: rgb(85, 85, 85);\">Se informa a todos los Estudiantes que deseen inscribirse en el Voluntariado de Servicio Social Universitario para el II periodo 2019, que el calendario a desarrollar será así:</span></p><p><strong style=\"color: maroon;\">Calendario</strong></p><p><strong style=\"color: rgb(85, 85, 85);\">Inscripción de ofertas (entidades ofertantes)</strong></p><p><span style=\"color: rgb(85, 85, 85);\">Del 15 al 30&nbsp;de&nbsp;julio de 2019 (Solicitar formulario al correo </span><a href=\"mailto:voluntariadossu@unicauca.edu.co\" target=\"_blank\">voluntariadossu@unicauca.edu.co</a><span style=\"color: rgb(85, 85, 85);\">). </span></p><p><strong style=\"color: rgb(85, 85, 85);\">Selección de ofertas</strong></p><p><span style=\"color: rgb(85, 85, 85);\">Del 31 de agosto al 2 de agosto. </span></p><p><strong style=\"color: rgb(85, 85, 85);\">Publicación de ofertas</strong></p><p><span style=\"color: rgb(85, 85, 85);\">A partir del 5 de agosto de 2019. </span></p><p><span style=\"color: rgb(85, 85, 85);\">Se pueden visualizar para sede Popayán </span></p><p><a href=\"http://www.unicauca.edu.co/museos/ssu/sede-popay%C3%A1n.html\" target=\"_blank\">http://www.unicauca.edu.co/museos/ssu/sede-popay%C3%A1n.html</a></p><p><span style=\"color: rgb(85, 85, 85);\">Sede Santander en los siguientes enlaces </span></p><p><a href=\"http://www.unicauca.edu.co/museos/ssu/sede-santander-de-quilicaho.html\" target=\"_blank\">http://www.unicauca.edu.co/museos/ssu/sede-santander-de-quilicaho.html</a></p><p><strong style=\"color: rgb(85, 85, 85);\">Inscripción de estudiantes voluntarios</strong></p><p><span style=\"color: rgb(85, 85, 85);\">Del 2 al 19 de septiembre de 2019 (Llenar formulario en línea)</span></p><p><strong style=\"color: rgb(85, 85, 85);\">Curso de inducción con estudiantes</strong></p><p><span style=\"color: rgb(85, 85, 85);\">Sábado 21 de septiembre &nbsp;de 2019</span></p><p><span style=\"color: rgb(85, 85, 85);\">Auditorio: Francisco Lemus Arboleda (Facultad de Ingeniería Electrónica y Telecomunicaciones)</span></p><p><span style=\"color: rgb(85, 85, 85);\">Hora: 2:00 pm</span></p><p><span style=\"color: rgb(85, 85, 85);\">De Carácter Obligatorio</span></p><p><strong style=\"color: rgb(85, 85, 85);\">Cancelaciones</strong></p><p><span style=\"color: rgb(85, 85, 85);\">Del 23 al 27 de septiembre &nbsp;de 2019 (Se hace mediante solicitud del estudiante enviada al correo del voluntariado:&nbsp;</span><a href=\"mailto:voluntariadossu@unicauca.edu.co\" target=\"_blank\" style=\"color: rgb(10, 38, 111);\">voluntariadossu@unicauca.edu.co</a><span style=\"color: rgb(85, 85, 85);\">).</span></p><p><strong style=\"color: rgb(85, 85, 85);\">Curso de inducción con entidades ofertantes</strong></p><p><span style=\"color: rgb(85, 85, 85);\">26 de septiembre de 2019</span></p><p><strong style=\"color: rgb(85, 85, 85);\">Periodo de desarrollo del voluntariado&nbsp;</strong></p><p><span style=\"color: rgb(85, 85, 85);\">Del 30 de septiembre al 13 de diciembre de 2019</span></p><p><strong style=\"color: rgb(85, 85, 85);\">Entrega de evaluaciones por parte del Organismo Ofertante para equivalencia</strong></p><p><span style=\"color: rgb(85, 85, 85);\">14 de diciembre al 19 de diciembre de 2019.</span></p><p><span style=\"color: rgb(85, 85, 85);\">Las actividades para la nota del 30% que corresponde a 26 horas, las cuales se programaran por la coordinación del voluntariado y se comunicará con antelación a los respectivos correos de los estudiantes.</span></p><p><strong style=\"color: rgb(85, 85, 85);\">Nota:&nbsp;</strong><span style=\"color: rgb(85, 85, 85);\">De este modo debe entenderse que las actividades que se programen son de carácter obligatorio para todos los voluntarios.</span></p><p><strong style=\"color: maroon;\">Proceso de inscripción</strong></p><p><span style=\"color: rgb(85, 85, 85);\">a.&nbsp;&nbsp;&nbsp;Diligenciar el formulario único para presentar su propuesta de voluntariado. Este formulario se activa a partir de la fecha de inscripción.  El cual al ser enviado quedará registrado automáticamente. (Navegador Mozilla Firefox).</span></p><p><span style=\"color: rgb(85, 85, 85);\">El formulario debe ser diligenciado en su totalidad y ser explícito en cada uno de los ítems. (Realizar una sola inscripción y colocar los datos claros y completos.- nombres y apellidos; código, correo entre otros.).</span></p><p><span style=\"color: rgb(85, 85, 85);\">No se realizará inscripción de estudiantes con datos incompletos.</span></p><p><strong style=\"color: rgb(85, 85, 85);\">b.</strong><span style=\"color: rgb(85, 85, 85);\">&nbsp;&nbsp;&nbsp;Las cancelaciones se realizaran del 23 al 27 de septiembre de 2019, el estudiante debe enviar un email al correo&nbsp;</span><a href=\"mailto:voluntariadossu@unicauca.edu.co\" target=\"_blank\" style=\"color: rgb(10, 38, 111);\">voluntariadossu@unicauca.edu.co</a><span style=\"color: rgb(85, 85, 85);\">&nbsp;La respuesta se dará por este medio.&nbsp;</span></p><p><strong style=\"color: rgb(85, 85, 85);\">c.</strong><span style=\"color: rgb(85, 85, 85);\">&nbsp;&nbsp;&nbsp;No se aceptan cancelaciones por vía email posteriores a esta fecha. A partir del 27 de septiembre de 2019 se enviarán listados de los inscritos a&nbsp;</span><a href=\"https://simca.unicauca.edu.co/simca\" target=\"_blank\" style=\"color: rgb(10, 38, 111);\">SIMCA</a><span style=\"color: rgb(85, 85, 85);\">&nbsp;con el fin de que sean matriculados.</span></p><p><strong style=\"color: rgb(85, 85, 85);\">d.</strong><span style=\"color: rgb(85, 85, 85);\">&nbsp;&nbsp;&nbsp;Una vez matriculados en&nbsp;</span><a href=\"https://simca.unicauca.edu.co/simca\" target=\"_blank\" style=\"color: rgb(10, 38, 111);\">SIMCA</a><span style=\"color: rgb(85, 85, 85);\">&nbsp;el proceso de cancelación del voluntariado lo deben realizar como procedimiento normal para cancelar asignaturas diligenciando el formato y éste a su vez debe llevar el Visto Bueno de la Coordinación del Voluntariado.</span></p><p><strong style=\"color: rgb(85, 85, 85);\">e.</strong><span style=\"color: rgb(85, 85, 85);\">&nbsp;&nbsp;&nbsp;Para mayor información puede realizar sus inquietudes al correo: </span><a href=\"mailto:voluntariadossu@unicauca.edu.co\" target=\"_blank\" style=\"color: rgb(10, 38, 111);\">voluntariadossu@unicauca.edu.co</a></p><p><strong style=\"color: rgb(85, 85, 85);\">f.</strong><span style=\"color: rgb(85, 85, 85);\">&nbsp;&nbsp;&nbsp;&nbsp;El Voluntariado tiene un&nbsp;total de 96 horas: 70 se realizan con la oferta donde están inscritos y 26 con&nbsp;las actividades que se programaran desde la coordinación. El Curso de inducción y las actividades que se realizan durante el semestre son de carácter obligatorio y equivalen a las 26 horas como el 30% de la nota final del Programa del Voluntariado SSU.</span></p><p><strong style=\"color: rgb(85, 85, 85);\">g.</strong><span style=\"color: rgb(85, 85, 85);\">&nbsp;&nbsp;&nbsp;No se aceptan registros de inscripción para ser equivalente por Ética y lecto-escritura FISH, ya que son de Obligatoriedad.</span></p><p><strong style=\"color: rgb(85, 85, 85);\">h.</strong><span style=\"color: rgb(85, 85, 85);\">&nbsp;&nbsp;&nbsp;Todas las informaciones se realizarán vía email. Por ello requerimos escribir bien y completo su dirección de correo.</span></p><p><span style=\"color: rgb(85, 85, 85);\"> </span></p><p><strong style=\"color: maroon;\">Mayor información</strong></p><p><strong>Isabel Cristina Chamorro López</strong><span style=\"color: rgb(85, 85, 85);\"> </span></p><p><span style=\"color: rgb(85, 85, 85);\">Programa del Voluntariado Social Universitario</span></p><p><span style=\"color: rgb(85, 85, 85);\">Teléfono: 8209900 ext. 1341</span></p><p><span style=\"color: rgb(85, 85, 85);\">Correo:&nbsp;</span><a href=\"mailto:voluntariadossu@unicauca.edu.co\" target=\"_blank\" style=\"color: rgb(10, 38, 111);\">voluntariadossu@unicauca.edu.co</a></p>',1,'2019-07-12 00:11:21.375433','2019-07-12 00:11:21.375459'),(82,'posesion-rep-estudiantes-ante-consejo-cultura-y-bienestar-7-2019','El pasado lunes 15 de julio en el Salón de los Consejos  de la Universidad del Cauca,  el estudiante del Programa de Derecho ...','<p class=\"ql-align-justify\">El pasado lunes 15 de julio en el Salón de los Consejos&nbsp;de la Universidad del Cauca,&nbsp;el estudiante del Programa de Derecho, Hernán Darío Opina se posesionó como representante de los estudiantes ante el Consejo de Cultura y Bienestar.</p><p class=\"ql-align-justify\">Una vez realizado el acto de posesión el Vicerrector de Cultura y Bienestar, Deibar René Hurtado Herrera presento un informe de gestión e instó a los integrantes de esta corporación a seguir aunando esfuerzos en pro de la cultura y el bienestar institucional.</p><p class=\"ql-align-justify\">Por su parte el Hernán Darío socializó los 3 puntos en los que espera trabajar y avanzar en su periodo como representante: 1. Tarifas diferenciales en el transporte público, 2 trabajo en temas ambientales y&nbsp;Educación Ambiental.</p>',1,'2019-07-17 14:03:17.570097','2019-07-17 14:03:17.570137'),(85,'adenda-no1-convocatoria-2019-de-cultura-y-bienestar-8-2019','Emitido por: Vicerrectoría de Cultura y Bienestar\nDirigido a: Comunidad universitaria','<p class=\"ql-align-justify\"><strong><em>1.&nbsp;&nbsp;&nbsp;&nbsp;&nbsp;Estímulos a Proyectos de Cultura y Bienestar</em></strong></p><p class=\"ql-align-justify\">El Vicerrector de Cultura y Bienestar de la Universidad del Cauca, Dr. Deibar René Hurtado Herrera, informa a la comunidad universitaria que presento sus proyectos dentro de la convocatoria a Estímulos de Cultura y Bienestar, que el calendario&nbsp;para el proceso de evaluación que se adelanta,&nbsp;se modifica a través de la presente adenda.</p><p class=\"ql-align-justify\">&nbsp;Modificación del numeral de 3 “Calendario de la convocatoria” de los términos de referencia, en el proceso de evaluación y publicación de resultados, el cual quedará así:</p><p class=\"ql-align-justify\">&nbsp;Evaluación de los Proyectos, Publicación de resultados y resolución de propuestas seleccionadas:</p><p class=\"ql-align-justify\">16 de septiembre de 2019</p><p class=\"ql-align-justify\">Trámite administrativo para el desembolso de recursos:</p><p class=\"ql-align-justify\">17-20 de septiembre de 2019.</p><p class=\"ql-align-justify\">Ejecución de los proyectos:</p><p class=\"ql-align-justify\">23 de septiembre a 16 de diciembre de 2018</p><p class=\"ql-align-justify\">Entrega del Informe de la convocatoria:</p><p class=\"ql-align-justify\">16 de diciembre de 2019</p><p class=\"ql-align-justify\">Certificación a satisfacción:</p><p class=\"ql-align-justify\">Febrero de 2020</p><p class=\"ql-align-justify\"><strong><em>2.&nbsp;&nbsp;&nbsp;&nbsp;&nbsp;Premio regional de Arte Universitario</em></strong></p><p class=\"ql-align-justify\">El Vicerrector de Cultura y Bienestar de la Universidad del Cauca, Dr. Deibar René Hurtado Herrera, informa a la comunidad universitaria que teniendo en cuenta que a la fecha de cierre de la convocatoria del Premio regional de Arte Universitario solo se tuvo un solo postulante, se modifica el plazo para entrega de más postulaciones en dicha convocatoria, permitiendo mayor participación de los universitarios.</p><p class=\"ql-align-justify\">Por tal motivo se ajusta el calendario para recepción de propuestas hasta el 27 de septiembre hasta las 4p.m en las oficinas de la División de Gestión de la Cultura en el Panteón de los Próceres.</p><p class=\"ql-align-justify\">Las presentes adiciones se publicarán en el portal institucional y difundirá en diversos medios de comunicación.</p><p class=\"ql-align-justify\"><strong>Nota:</strong> El presente acto fue informado previamente a consejeros de Cultura y Bienestar, asimismo la vicerrectoría estará atenta en apoyar a los postulantes en el desarrollo de la convocatoria.</p><p class=\"ql-align-justify\">La presente adenda N°1 se suscribe en Popayán a los treinta (30) días del mes de julio del 2019. </p><p class=\"ql-align-justify\"><br></p><p class=\"ql-align-justify\">DR. DEIBAR RENE HURTADO HERRERA</p><p class=\"ql-align-justify\">Vicerrector de Cultura y Bienestar</p><p class=\"ql-align-justify\">Universidad del Cauca.</p><p class=\"ql-align-justify\"><br></p>',1,'2019-07-31 18:46:34.898609','2019-08-10 13:20:49.453847'),(86,'adenda-no-1-convocatoria-2019-de-cultura-y-bienestar-8-2019','Emitido por: Vicerrectoría de Cultura y Bienestar\nDirigido a: Comunidad universitaria','<p class=\"ql-align-justify\"><strong><em>1.&nbsp;&nbsp;&nbsp;&nbsp;&nbsp;Estímulos a Proyectos de Cultura y Bienestar</em></strong></p><p class=\"ql-align-justify\">El Vicerrector de Cultura y Bienestar de la Universidad del Cauca, Dr. Deibar René Hurtado Herrera, informa a la comunidad universitaria que presento sus proyectos dentro de la convocatoria a Estímulos de Cultura y Bienestar, que el calendario&nbsp;para el proceso de evaluación que se adelanta,&nbsp;se modifica a través de la presente adenda.</p><p class=\"ql-align-justify\">&nbsp;Modificación del numeral de 3 “Calendario de la convocatoria” de los términos de referencia, en el proceso de evaluación y publicación de resultados, el cual quedará así:</p><p class=\"ql-align-justify\">&nbsp;Evaluación de los Proyectos, Publicación de resultados y resolución de propuestas seleccionadas:</p><p class=\"ql-align-justify\">16 de septiembre de 2019</p><p class=\"ql-align-justify\">Trámite administrativo para el desembolso de recursos:</p><p class=\"ql-align-justify\">17-20 de septiembre de 2019.</p><p class=\"ql-align-justify\">Ejecución de los proyectos:</p><p class=\"ql-align-justify\">23 de septiembre a 16 de diciembre de 2018</p><p class=\"ql-align-justify\">Entrega del Informe de la convocatoria:</p><p class=\"ql-align-justify\">16 de diciembre de 2019</p><p class=\"ql-align-justify\">Certificación a satisfacción:</p><p class=\"ql-align-justify\">Febrero de 2020</p><p class=\"ql-align-justify\"><strong><em>2.&nbsp;&nbsp;&nbsp;&nbsp;&nbsp;Premio regional de Arte Universitario</em></strong></p><p class=\"ql-align-justify\">El Vicerrector de Cultura y Bienestar de la Universidad del Cauca, Dr. Deibar René Hurtado Herrera, informa a la comunidad universitaria que teniendo en cuenta que a la fecha de cierre de la convocatoria del Premio regional de Arte Universitario solo se tuvo un solo postulante, se modifica el plazo para entrega de más postulaciones en dicha convocatoria, permitiendo mayor participación de los universitarios.</p><p class=\"ql-align-justify\">Por tal motivo se ajusta el calendario para recepción de propuestas hasta el 27 de septiembre hasta las 4p.m en las oficinas de la División de Gestión de la Cultura en el Panteón de los Próceres.</p><p class=\"ql-align-justify\">Las presentes adiciones se publicarán en el portal institucional y difundirá en diversos medios de comunicación.</p><p class=\"ql-align-justify\"><strong>Nota:</strong> El presente acto fue informado previamente a consejeros de Cultura y Bienestar, asimismo la vicerrectoría estará atenta en apoyar a los postulantes en el desarrollo de la convocatoria.</p><p class=\"ql-align-justify\">La presente adenda N°1 se suscribe en Popayán a los treinta (30) días del mes de julio del 2019. </p><p class=\"ql-align-justify\"><br></p><p class=\"ql-align-justify\">DR. DEIBAR RENE HURTADO HERRERA</p><p class=\"ql-align-justify\">Vicerrector de Cultura y Bienestar</p><p class=\"ql-align-justify\">Universidad del Cauca.</p>',1,'2019-08-09 00:48:06.672991','2019-08-09 00:48:06.673018'),(88,'bienvenidos-unicaucanos-9-2019','Bienvenidos Unicaucanos','<p>La Vicerrectoría de Cultura y Bienestar dió inicio este 2 de septiembre a las actividades para dar la bienvenida a los nuevos Unicaucanos.</p>',1,'2019-09-03 02:02:50.986374','2019-09-03 02:13:05.680396'),(89,'que-es-generacion-e-9-2019','El Gobierno Nacional, en el marco de las estrategias adelantadas para el fortalecimiento de la Educación Superior, ha creado el Programa....','<p><strong>¿Qué es Generación E?</strong></p><p class=\"ql-align-justify\">El Gobierno Nacional, en el marco de las estrategias adelantadas para el fortalecimiento de la Educación Superior, ha creado el<strong>&nbsp;Programa&nbsp;Generación E</strong>.&nbsp;Éste le apunta a la transformación social y el desarrollo de las regiones del país a través del acceso a la educación superior de los jóvenes en condición de vulnerabilidad económica.</p><p class=\"ql-align-justify\">El Programa&nbsp;Generación E&nbsp;cuenta con 3 componentes específicos que promueven mayor equidad y el cierre de brechas educativas.</p><ol><li class=\"ql-align-justify\">Avance en la gratuidad por mérito en la educación superior pública</li><li class=\"ql-align-justify\">Fortalecimiento de las Instituciones de Educación Superior públicas</li><li class=\"ql-align-justify\">Reconocimiento a los mejores bachilleres de bajos recursos económicos</li></ol><p><strong>Listado de estudiantes que son potenciales beneficiarios Programa&nbsp;</strong><strong style=\"color: rgb(0, 0, 255);\">Generación E</strong></p><p>El siguiente documento contiene el nombre los potenciales beneficiarios del&nbsp;<strong>Generación E</strong>.</p><p><strong>Nota</strong>: El listado es una versión previa, siendo así prontamente estaremos publicando el listado final.</p><p><strong>Formulario de registro:</strong></p><p><strong>Si apareces en listado anterior puedes ingresar al siguiente enlace y diligenciar el formulario.&nbsp;</strong><a href=\"http://solicitudes.icetex.gov.co:8080/solicitudes/login.sm\" target=\"_blank\" style=\"color: rgb(235, 73, 71); background-color: transparent;\">Clic Aqui</a>&nbsp;</p><p><strong>Ten en cuenta:</strong></p><ol><li>No podrás acceder a los beneficios si no lo diligencias.</li><li>Si eres estudiante de la modalidad distancia, distinto a la sede Popayán. Debes entregar copia del formulario a los Coordinadores CAT, hasta el 5 de abril de 2019.</li><li>Los estudiantes de Popayán de la modalidad presencial y distancia deberán entregar el formulario en la Dirección de la vicerrecitrpia de Cultura y Bienestar, Sección ICETEX, hasta el 10 de abril de 2019.</li></ol><p><strong>Mayores informes</strong></p><p><strong>Acércate a la Dirección de la Vicerrectoría de Cultura y Bienestar y Pregunta por el&nbsp;Programa Generación E</strong>.</p><p>Horario de atención&nbsp;8:00 a.m. a 12:00 m. y de 2:00 p.m. a 6:00 p.m.</p><p>Escríbenos:&nbsp;vicecb@unicauca.edu.co</p><p><strong>PBX: </strong>&nbsp;8 209800 ext. 1131-1133-1341&nbsp;</p>',1,'2019-09-07 13:20:55.488966','2019-09-07 13:24:05.379083'),(90,'inscripciones-a-cursos-recreativos-9-2019','Inscripciones a Cursos Recreativos, Semilleros de Talentos Deportivos y Seleccionados de representación Universitaria','<p><strong>Inscripciones a Cursos Recreativos, Semilleros de Talentos Deportivos y Seleccionados de representación Universitaria</strong></p><p>La Vicerrectoría de Cultura y Bienestar y la División de Gestión de la Recreación y el Deporte, invitan a toda la comunidad universitaria (estudiantes de pregrado y posgrado, profesores, administrativos, contratistas) a participar de la oferta de cursos y programas orientados al mejoramiento de la calidad de vida a través de la práctica regular y orientada de la actividad física, el deporte y la recreación encaminada a fortalecer el desarrollo integral en los participantes. Para inscribirte usa tu cuenta de correo institucional.</p><p><strong>Los programas a los que se puede acceder son:</strong></p><p>&nbsp;&nbsp;&nbsp;&nbsp;&nbsp;&nbsp;Cursos deportivos recreativos, los cuales ofrece un espacio para comenzar una práctica deportiva o física adecuada (de iniciación), en alguno de los deportes o actividades ofertadas con una metodología lúdica y recreativa.</p><p>&nbsp;&nbsp;&nbsp;&nbsp;&nbsp;&nbsp;Semilleros de talentos deportivos, los cuales corresponden al nivel de fundamentación técnica en las disciplinas ofertadas, se requiere que los inscritos posean ya las habilidades técnicas de la disciplina deportiva.</p><p>&nbsp;&nbsp;&nbsp;&nbsp;&nbsp;&nbsp;Seleccionados de Representación Universitaria, son un espacio para el entrenamiento deportivo enfocado en la competencia en diferentes torneos a nivel local, regional y nacional, son los entrenadores de cada disciplina los que seleccionan a los deportistas según sus habilidades. Si eres deportista competitivo de alguna disciplina deportiva dirígete directamente con el entrenador.</p><p><br></p><p><strong>Tenga en cuenta:</strong></p><p>1. Nuestros cursos son de libre participación y no generan créditos académicos.</p><p>2. Ingrese a los cursos teniendo en cuenta sus horarios de clase.</p><p>3. Los cursos de natación comenzarán a partir de la apertura de la piscina que se encuentra en mantenimiento después del periodo de vacaciones.</p><p>4. En la cartelera del Centro Deportivo Universitario Tulcán encontrarán la información del lugar donde se llevan a cabo las actividades y el nombre del profesional que la orienta.</p><p>5. Todos los participantes deben contar con la indumentaria deportiva necesaria para la práctica de cada disciplina.</p><p>6. Para el ingreso al Centro Deportivo Universitario deben presentar el carné institucional o recibo de pago del semestre vigente.</p><p>7. El número de cupos se establece por cada disciplina, si hay mass inscritos de los estipulados se priorizarán los primeros inscritos según su orden cronológico de envío de este formulario, los que queden por fuera serán notificados al e-mail institucional.</p><p>8. Después cerradas las inscripciones por este aplicativo, si quiere hacer partes de un programa deberá dirigirse directamente con el profesional que orienta la actividad, el determinará si existe el cupo para su inscripción.</p><p>9. Las para acceder al formulario se debe realizar con el correo institucional, los estudiantes de primer semestre deberán hacerlo directamente en la oficina del CDU.</p><p><br></p><p>Inscripciones del 12 al 27 de septiembre en el siguiente enlace:&nbsp;<a href=\"https://forms.gle/P6SgbvNTrWNNEuEs6\" target=\"_blank\">Aquí</a>.</p>',1,'2019-09-16 15:37:18.209237','2019-09-16 16:00:44.892839'),(91,'adenda-no-1-convocatoria-de-cultura-y-bienestar-9-2019','Emitido por: Vicerrectoría de Cultura y Bienestar\nDirigido a: Comunidad universitaria, Ciudadanía en general','<p class=\"ql-align-justify\">El Vicerrector de Cultura y Bienestar de la Universidad del Cauca, Deibar René Hurtado Herrera, informa a la comunidad universitaria que se realizó la designación de los dos últimos cupos ganadores de la Convocatoria de Estímulos 2019 de acuerdo al literal 7.4 de dicha Convocatoria y mencionada en el acta # 7.1-1/612, resultandos de ganadores de la Convocatoria de Cultura y Bienestar. </p><p class=\"ql-align-justify\">Por lo anterior los ganadores son:</p><p class=\"ql-align-justify\">-&nbsp;&nbsp;&nbsp;&nbsp;&nbsp;&nbsp;&nbsp;&nbsp;&nbsp;Cartelismo Casa Azul </p><p class=\"ql-align-justify\">Proponente Claudia Lorena Gutiérrez&nbsp;&nbsp;&nbsp;&nbsp;&nbsp;&nbsp;&nbsp;&nbsp;83 puntos</p><p class=\"ql-align-justify\">-&nbsp;&nbsp;&nbsp;&nbsp;&nbsp;&nbsp;&nbsp;&nbsp;&nbsp;Taller de creación de storyboard y animatic del colectivo de animación zootropo</p><p class=\"ql-align-justify\">Proponente Pala Alejandra Alegría Daza&nbsp;&nbsp;&nbsp;83 puntos</p><p class=\"ql-align-justify\">Por lo anterior y según la convocatoria se completa los diez cupos de los propuestos dentro de la Convocatoria de Cultura y Bienestar.</p><p class=\"ql-align-justify\">La presente adenda N°1 se suscribe en Popayán a los diecisiete (17) de septiembre de 2019.</p><p class=\"ql-align-justify\">Universitariamente,</p><p><br></p><p> <strong>DEIBAR RENÉ HURTADO HERRERA</strong></p><p> Vicerrector de Cultura y Bienestar</p>',1,'2019-09-18 13:07:39.673299','2019-09-18 13:07:39.673326'),(93,'unicaucanos-rumbo-a-los-nacionales-9-2019','El día de ayer en la rectoría, el Rector del Alma Mater y el Vicerrector de Cultura y Bienestar hicieron la  entrega de la bandera ...','<p>El día de ayer en la rectoría, el Rector del Alma Mater y el Vicerrector de Cultura y Bienestar hicieron la&nbsp;entrega de la bandera a los jóvenes deportistas que representarán a l<span style=\"color: rgb(102, 102, 102);\">a Universidad del Cauca en los vigésimos octavos juegos deportivos nacionales en Barranquilla en 9 disciplinas deportivas.</span></p><p><span style=\"color: rgb(102, 102, 102);\">En el acto las directivas universitarias expresaron su apoyo y buenos deseos para los unicaucanos que harán presencia en estas justas deportivas.</span></p>',1,'2019-09-18 13:44:32.839477','2019-09-18 13:44:32.839504'),(94,'reflexion-universitaria-9-2019','La noticia del chico de 19 años que se suicido en la Universidad Javeriana de Bogota, me ha conmovido enormemente, me hizo pensar...','<p>La noticia del chico de 19 años que se suicido en la Universidad&nbsp;Javeriana de Bogota, me ha conmovido enormemente, me hizo pensar en mi hijo universitario, y en la familia de ese joven hoy destrozada, en las muchas preguntas sin repuesta que se harán su papá y su mamá, en su dolor.</p><p>Esta situación me ha hecho pensar en mi propia responsabilidad, en la responsabilidad de nuestra Vicerectoría y en general de todos nosotros. En el compromiso que debo tener con lo que hago,&nbsp;con lo que hacemos, en lo que representa nuestro trabajo y en lo mucho que vale esta oportunidad, si es para servir.&nbsp;</p><p>Un compromiso que&nbsp;pasa por la sensibilidad y la solidaridad con ese nosotros llamado universidad, tan diversa y&nbsp;tan múltiple. Con la tarea imprescindible de llenar de esperanza a esta sociedad tan agobiada por la incertidumbre&nbsp;y la polarización.&nbsp;</p><p>Nunca fue tan necesario convocarnos solidariamente para reconocernos y reconciliarnos, nunca fue tan necesario emocionalmente comprometernos con ese nosotros plural que convive día a día en este nuestro espacio, con esa comunidad tan necesitada de posibilidades, de escucha, de apoyo y reconocimiento.</p><p><br></p><p>*Deibar René Hurtado Herrera</p><p>Vicerrector de Cultura y Bienestar</p><p>Universidad del Cauca</p>',1,'2019-09-22 16:35:16.771126','2019-09-22 16:35:16.771153'),(95,'jovenes-en-accion-9-2019','Información referente al cargue de información de este programa','<h3>Información referente al cargue de información de este programa</h3>',1,'2019-09-23 15:12:34.194814','2019-09-23 15:12:34.194840'),(99,'inscripciones-talleres-formacion-artistica-10-2019','Inscripciones en los Talleres de Formación Artística de la División de la Gestión de la Cultura de la Vicerrectoría de Cultura y Bienestar','<p>Emitido por: División de Gestión de la Cultura - Vicerrectoría de Cultura y Bienestar</p><p>Dirigido a: Estudiantes, Egresados Docentes, Administrativos y sus hijos</p><p><strong>Presentación</strong></p><p> </p><p> El Proyecto de Manifestaciones Culturales y Artísticas, es un proceso liderado por la División de la Gestión de la Cultura de la Vicerrectoría de Cultura y Bienestar, nace en la necesidad de fomentar acercamientos entre los diferentes estamentos que confluyan en la Universidad del Cauca, logrando procesos de formación integral y socio humanística desde las artes, que les permita a los participantes desarrollar su sensibilidad y creatividad, fortalecer las relaciones interpersonales y construir valores y principios de equidad, convivencia, inclusión y cohesión social, para su desarrollo humano.</p><p> </p><p> Para tal fin la División de la Gestión de la Cultura convoca a participar en los Talleres de Formación Creativa los cuales son los encargados de construir procesos permanentes entre los Universitarios, desde unos contenidos flexibles, agradables y de gran impacto e interés. La idea de los talleres permite el disfrute de los universitarios y las posibilidades de conocer y apropiar las artes y sus desarrollos y fomentar hábitos de vida saludable y aprovechamiento del tiempo libre.</p><p> </p><p> <strong>1. Talleres de Formación Creativa en : el presente cuadro da a conocer la oferta de los talleres creativos artísticos, con sus respectivos contactos, horarios y lugares de realización.</strong></p><p><br></p><p> <strong>Inscripciones e Inicio:&nbsp;</strong>se realizarán <em>en cada taller</em> escogido, directamente con el tutor en el horario asignado en la presente convocatoria<strong>, a partir del 24 de septiembre de 2019</strong></p><p><strong>Requisitos de Inscripción:</strong></p><p>1. Estudiantes Activos: Presentar carnet o recibo de matrícula al momento de la inscripción </p><p>3. Administrativos y Docentes: presentar Carnet</p><p>4. Pensionados de Unicauca: presentar fotocopia de Cédula de ciudadanía</p><p>5. Egresados de Unicauca: Fotocopia Cédula y Diploma o acta de grado</p><p>7. Hijos de los universitarios: presentar Tarjeta de Identidad o Registro Civil</p><p>8. Llenar la ficha de inscripción ante el Tutor.</p><p><strong>Nota: </strong>Totalmente <em>gratuitos</em> para todos.-</p><p> </p><p> <strong>Mayor información</strong></p><p> División de Gestión de la Cultura</p><p> Teléfonos: 8240683 y 209900 ext. 1128</p><p> Correo electrónico:&nbsp;<a href=\"mailto:divpatrimonio@unicauca.edu.co\" target=\"_blank\">divpatrimonio@unicauca.edu.co</a></p><h1> </h1>',1,'2019-09-23 22:49:13.982616','2019-10-02 16:36:18.568629'),(100,'dialogos-interculturales-10-2019','Con el tema Territorio y Construcción de Memoria Colectiva desde la visión campesina, afroserrana ...','<p class=\"ql-align-center\"><em style=\"color: rgb(85, 85, 85);\">Con el tema Territorio y Construcción de Memoria Colectiva desde la visión campesina, afroserrana e indígena, se llevará a cabo el Encuentro de Diálogos Interculturales en el Municipio de La Sierra en los días 26 y 27 de septiembre de 2019.</em></p><p class=\"ql-align-justify\">Los Diálogos Interculturales 2019, una iniciativa de la División de Gestión de la Cultura de la Vicerrectoría de Cultura y Bienestar, convocan en su agenda cultural en el municipio de La Sierra al Encuentro de Saberes que se llevará a cabo en la cabecera municipal con el ánimo de concluir este ciclo de Diálogos por el año 2019 los espacios de reflexión y acción con las comunidades de esta localidad alrededor de la relaciones sociales, culturales y políticas que se tejen en el territorio, constituyendo como tema: “Territorio y Construcción de Memoria Colectiva”. Este proceso ha sido posible gracias a la articulación y trabajo conjunto con la Corporación del Sur del Cauca – COSURCA y la Asociación de Productores Orgánicos de La Sierra – ASPROSI.</p><p class=\"ql-align-justify\">El evento se realizará los dos días en la Institución Educativa Francisco José de Caldas a partir de las 9:00 AM, se contará con la presencia de grupos artísticos, artesanos, productores campesinos, invitados y actos académicos y culturales. </p><p class=\"ql-align-justify\">En esta versión se exaltará la labor del líder campesino Adiel Ledezma, por su legado en la defensa y lucha por el territorio alentando al fortalecimiento de la identidad, reconstrucción de la cultura propia y la memoria histórica. </p><p class=\"ql-align-justify\">La actividad cuenta con el apoyo de instituciones como la Casa Museo Un paso por el Tiempo, la Inter American Foundation - IAF, la Unión Europea y la Casa de la Cultura Serrana de la Alcaldía Municipal de la Sierra, quienes se han dedicado a aportar a los procesos de construcción y fortalecimiento de las identidades y el arraigo cultural de la zona.</p><p class=\"ql-align-justify\">ANGÉLICA J. FERNÁNDEZ QUILA</p><p class=\"ql-align-justify\">Diálogos Interculturales</p><p class=\"ql-align-justify\">División de Gestión de la Cultura</p><p class=\"ql-align-justify\">Vicerrectoria de Cultura y Bienestar</p><p class=\"ql-align-justify\">Correo Electrónico: <a href=\"mailto:angelicafernandez@unicauca.edu.co\" target=\"_blank\">angelicafernandez@unicauca.edu.co</a></p><p class=\"ql-align-justify\"><br></p><p class=\"ql-align-justify\"><strong>Mayor Información</strong></p><p class=\"ql-align-justify\">División de Gestión de la Cultura</p><p class=\"ql-align-justify\">Panteón de los Próceres</p><p class=\"ql-align-justify\">Calle 3ª Nº 5-14 Centro. Tel. 8209800 ext. 1128 y 1129. E-mail: angelicafernandez@unicauca.edu.co</p>',1,'2019-09-25 15:50:57.021494','2019-10-16 13:18:23.994666'),(101,'enculturate-facultad-de-ciencias-de-la-salud-9-2019','El Comité para la Promoción de la Cultura y el Bienestar de la Faultad de Ciencias de la Salud invita a la comunidad universiraria ...','<p><span style=\"color: rgb(34, 34, 34);\">El Comité para la Promoción de la Cultura y el Bienestar de la Faultad de Ciencias de la Salud invita a la comunidad universiraria a participar del la jornada cultural que se desarrollara de la siguiente manera:</span></p><ul><li>9:00 am - 5:00 pm: Exposición de museos itinerantes Casa museo Mosquera - Museo de Historia Natural; Pasillo principal primer piso.</li><li>2:00 pm: \"<em>Te leemos el Café\"</em>&nbsp;; Hold principal. -</li><li>3:00 pm Creación del mural \"<em>exprésate\";&nbsp;</em>Rotonda<em>&nbsp;</em>externa.&nbsp;</li><li>4:00 pm: Recital de Guitarra - Cuentería; Auditorio José Lemos Guzmán&nbsp;</li></ul><p><br></p>',1,'2019-09-27 21:36:47.185249','2019-09-27 21:36:47.185276'),(102,'comunicado-de-la-vicerrectoria-de-cultura-y-bienestar-10-2019','Comunicado de la Vicerrectoría de Cultura y Bienestar de la Universidad del Cauca','<p>octubre 01 de 2019</p><p>Comunicado de la Vicerrectoría de Cultura y Bienestar de la Universidad del Cauca</p><p>Emitido por: Vicerrector de Cultura y Bienestar</p><p>Dirigido a: Comunidad Universitaria</p><p><br></p><p class=\"ql-align-justify\">El Vicerrector de Cultura y Bienestar de la Universidad del Cauca, Dr. Deibar Rene Hurtado Herrera, informa a la Comunidad Universitaria que atendiendo a los parámetros establecidos por la Convocatoria de Cultura y Bienestar “Sexto Premio Regional de Arte Universitario 2019. Diseño del logotipo conmemorativo Camino al Bicentenario Universidad del Cauca”, la cual estuvo abierta al público universitario interesado hasta el 27 de septiembre del presente año.</p><p class=\"ql-align-justify\">La anterior Convocatoria tuvo una adenda # 1, la cual ampliaba el plazo a la fecha anteriormente mencionada.</p><p class=\"ql-align-justify\">Al cierre de la Convocatoria solo se presentó una única propuesta.</p><p class=\"ql-align-justify\">En atención a lo expuesto y teniendo en cuenta que con una única propuesta no se puede llevar a cabo una selección, evaluación y satisfacción de la Convocatoria, se determina que esta modalidad de Convocatoria para el año 2019, queda desierta.</p><p>Universitariamente,</p><p><br></p><p>&nbsp;“Original Firmado”</p><p>DEIBAR RENE HURTADO HERRERA</p><p>Vicerrector de Cultura y Bienestar</p>',1,'2019-10-02 16:38:52.837934','2019-10-02 16:38:52.837962'),(103,'taller-informativo-y-pre-registro-para-jovenes-en-accion-10-2019','Taller informativo y Pre registro para Jóvenes en Acción','<p>Con el fin de dar cumplimiento al programa nacional Jóvenes en Acción, la Vicerrectoría de Cultura y Bienestar realizará un Taller informativo de participantes y formalización&nbsp;con pre registro a los estudiantes de pregrado que cumplan los siguientes requisitos:</p><p><strong>1.</strong>&nbsp;&nbsp;&nbsp;&nbsp;&nbsp;&nbsp;&nbsp;EDAD: entre los 16 y 24 años</p><p><strong>2.</strong>&nbsp;&nbsp;&nbsp;&nbsp;&nbsp;&nbsp;&nbsp;Estudiantes universidad del Cauca del municipio de Popayán, tener máximo 4 matrículas para carreras universitarias de pregrado, 3 matrículas para tecnólogos y 2 matrículas para técnicas profesionales</p><p><strong>3.</strong>&nbsp;&nbsp;&nbsp;&nbsp;&nbsp;&nbsp;&nbsp;Aparecer en los listados oficiales de desplazamiento, RED UNIDOS, indígenas, adoptabilidad de ICBF, SISBEN III con uno de los puntajes especificados conforme al área de residencia</p><p><strong>4.</strong>&nbsp;&nbsp;&nbsp;&nbsp;&nbsp;&nbsp;&nbsp;No haber sido Joven en Acción Previamente.</p><p><strong>5.</strong>&nbsp;&nbsp;&nbsp;&nbsp;&nbsp;&nbsp;No aplica para Jóvenes Beneficiarios de Ser Pilo Paga. </p><p>El&nbsp;Taller de Participantes y&nbsp;el Pre registro al programa se&nbsp;realizará los días 08,09,y 10 de Octubre de 2019 en la Facultad de Ciencias Contables, Económicas y Administrativas, en el siguiente horario:</p><p>08 de Octubre: 9 am- 4pm</p><p>09 de Octubre: 8am - 4pm</p><p>10 de Octubre: 8am - 1pm</p><p>&nbsp;</p><p>&nbsp;Es indispensable presentar el&nbsp;carné estudiantil (si no lo posee recibo vigente de matrícula) y <strong>documento de identificación original.</strong></p><p> De igual manera, la Vicerrectoría de Cultura y Bienestar informa que se atenderá <strong><u>en orden</u></strong> por último digito del documento de identificación.</p><p>&nbsp;&nbsp;&nbsp;&nbsp;&nbsp;&nbsp;&nbsp;08 de Octubre: documentos de identificación terminados en&nbsp;1, 2,3 y 4</p><p>&nbsp;&nbsp;&nbsp;&nbsp;&nbsp;&nbsp;&nbsp;09 de Octubre: documentos de identificación terminados en&nbsp;5, 6,7 y 8</p><p>&nbsp;&nbsp;&nbsp;&nbsp;&nbsp;&nbsp;&nbsp;10 de Octubre: documentos de identificación terminados en&nbsp;9 y 0</p><h1> </h1>',1,'2019-10-05 16:52:02.563250','2019-10-05 16:52:02.563277'),(111,'ser-estudioso-cuenta-apoyo-formulacion-de-perfiles-10-2019','El Programa PermaneSe) adscrito a la Vicerrectoría de Cultura y Bienestar de la Universidad del Cauca invita a los estudiantes...','<p>El Programa de Permanencia y Graduación (PermaneSer) adscrito a la Vicerrectoría de Cultura y Bienestar de la Universidad del Cauca, invita a los estudiantes unicaucanos a postularse en la convocatoria Ser Estudioso Cuenta que tiene como propósito brindar apoyo económico para financiar la matrícula financiera y gastos de sostenimiento.&nbsp;</p><p>Para ello, el Programa PermaneSer apoyará la construcción de la formulación del perfil de proyecto comunitario, social y/o académico que desarrollará durante su formación académica, para cumplir con el requisito No.7 de la convocatoria 2019 - 02.&nbsp;</p><p>Fecha: 17 de octubre de 2019</p><p>Hora: 8:00 a.m&nbsp;a 11:00 a.m..&nbsp;</p><p>Lugar: Auditorio Casa Museo Mosquera Calle 3 #5-14</p><p>Fecha: 23 de octubre de 2019</p><p>Hora: 2:00 p.m&nbsp;a 5:00 p.m..&nbsp;</p><p>Lugar: Auditorio Casa Museo Mosquera Calle 3 #5-14</p><p><br></p><p>Contacto:&nbsp;</p><p>Mayra R. Solarte Montoya</p><p>Componente Apoyo Socio-Económico Estudiantil&nbsp;</p><p>Programa de Permanencia y Graduación (PermaneSer)</p><p>Vicerrectoría de Cultura y Bienestar</p><p><a href=\"mailto:mayrasolarte@unicauca.edu.co\" target=\"_blank\">mayrasolarte@unicauca.edu.co</a></p>',1,'2019-10-16 14:32:45.535840','2019-10-16 14:34:20.814149'),(116,'efemerides-universidad-del-cauca-11-2019','EFEMÉRIDES UNIVERSIDAD DEL CAUCA','<p class=\"ql-align-center\"><strong>EFEMÉRIDES UNIVERSIDAD DEL CAUCA</strong></p><p class=\"ql-align-center\"><strong>FACULTAD DE CIENCIAS AGRARIAS</strong></p><p class=\"ql-align-center\"><strong>SÉPTIMA SEMANA AGRARIA Y SEMINARIO DE ACTUALIZACIÓN EN CIENCIAS AGRARIAS</strong></p><p class=\"ql-align-center\"><strong>192 AÑOS DE LA UNIVERSIDAD DEL CAUCA - 20 AÑOS DEL CAMPUS LAS GUACAS – </strong></p><p class=\"ql-align-center\"><strong>24 AÑOS FACULTAD DE CIENCIAS AGRARIAS</strong></p><p class=\"ql-align-center\"><strong>NOVIEMBRE DE 2019</strong></p><p class=\"ql-align-center\">  </p><p class=\"ql-align-center\"><strong>MIÉRCOLES 6 DE NOVIEMBRE. AUDITORIO JULIO ARBOLEDA. CORPORACIÓN UNIVERSITARIA COMFACAUCA – UNICOMFACAUCA CALLE 4 # 8 – 30</strong></p><p class=\"ql-align-center\">   </p><p class=\"ql-align-justify\"><strong>8:00 am - 12:00 m</strong> <em>CÁTEDRA CAUCA PACÍFICO</em> Investigación y desarrollo rural. La Universidad al servicio de los productores del Cauca Presentación de experiencias de cadenas productivas locales Intervención del experto invitado Lanzamiento del Consultorio Agrario.</p><p class=\"ql-align-center\">  </p><p class=\"ql-align-center\">  <strong>VIERNES 8 DE NOVIEMBRE. AUDITORIO CÁMARA DE COMERCIO DE POPAYÁN</strong></p><p class=\"ql-align-justify\">   </p><p class=\"ql-align-justify\"><strong>8:00 am – 12:00 m</strong> <em>SISTEMAS AGROALIMENTARIOS Y CERTIFICACIÓN DE ALIMENTOS CON VINCULO TERRITORIAL </em>- Sistemas Agroalimentarios en Colombia Jaime Forero Álvarez. Observatorio Rural de la Universidad de la Salle - Sistemas Agroalimentarios Localizados. Concepto, metodología y casos de estudio José Fernando Grass Ramírez. Universidad del Cauca - Normatividad, gestión y experiencia en Colombia sobre Denominaciones de Origen Ana Isabel Verona Guzmán. Superintendencia de Industria y Comercio –Dirección de Signos Distintivos</p><p class=\"ql-align-center\">   <strong>VIERNES 8 DE NOVIEMBRE. FACULTAD CIENCIAS AGRARIAS –SEDE LAS GUACAS</strong></p><p class=\"ql-align-center\"><strong>EFEMÉRIDES UNIVERSITARIAS: 192 AÑOS UNIVERSIDAD DEL CAUCA, 20 AÑOS SEDE LAS GUACAS, 24 AÑOS FACULTAD DE CIENCIAS AGRARIAS</strong></p><p class=\"ql-align-justify\">   </p><p class=\"ql-align-justify\"><strong>9:00 am - 3:00 pm</strong> <em>ACTOS PROTOCOLARIOS EFEMÉRIDES - MUESTRA ACACÉMICA Y DE INVESTIGACIONES</em> (Trabajos de Curso y Grupos de investigación) - <em>FESTIVAL DE LA COSECHA</em> (Mercado Agroecológico) - <em>FERIA DEL EMPRENDIMIENTO - EMPRENDE-SER - PRESENTACIÓN MURALES - JUEGOS ARRAJALEÑA Y AGRARIOS - ACTIVIDADES ARTISTICAS</em> (música, teatro, danza).</p><p class=\"ql-align-center\">  </p><p class=\"ql-align-center\">  <strong>MARTES 12 DE NOVIEMBRE. FACULTAD CIENCIAS AGRARIAS –SEDE LAS GUACAS</strong></p><p class=\"ql-align-justify\">   <strong>9:00 am - 12:00 m.</strong> <em>FORO: ORGANIZACIÓN CAMPESINA Y GESTIÓN TERRITORIAL. ESTUDIOS DE CASO</em> Participan: - CIMA, FENSUAGRO, Entidad Pública - ACIT, ASOCAMPO, Mesa Interétnica Santa Rosa (Cauca)</p><p class=\"ql-align-justify\">   <strong>2:00 am – 4:00 pm</strong> <em>COVERSATORIO: EXPERIENCIAS DE EMPRENDIMIENTO CON EGRESADOS</em> Participan: Egresados emprendedores.</p><p class=\"ql-align-center\">  </p><p class=\"ql-align-center\">  <strong>JUEVES 14 DE NOVIEMBRE. SEDE SANTANDER DE QUILICHAO (CAMPUS CARVAJAL)</strong></p><p class=\"ql-align-justify\">   <strong>9:00 am - 1:00 pm</strong> &nbsp;<em>CONFERENCIAS: - Perspectivas del Cacao y la Chocolatería en Colombia y el Norte del Cauca FEDECACAO - </em>Federación Nacional de Cacaoteros<em> MUESTRA ACADÉMICA Y DE INVESTIGACIONES ACTIVIDADES CULTURALES.</em></p><p class=\"ql-align-center\">  </p><p class=\"ql-align-center\">  <strong>VIERNES 15 DE NOVIEMBRE - POPAYÁN. RELOJ DEL SOL (Puente del Humilladero)</strong></p><p class=\"ql-align-justify\">   <strong>8:00 am – 1:00 pm</strong> <em>FESTIVAL DE LA COSECHA</em>: Mercado Orgánico y Agroecológico MUESTRA ACACÉMICA Y DE INVESTIGACIONES FERIA DEL EMPRENDIMIENTO EMPRENDE-SER.</p><p class=\"ql-align-center\">   <strong>LUNES 18 Y MARTES 19 DE NOVIEMBRE AUDITORIO FESUTRAC</strong></p><p class=\"ql-align-justify\">   <strong>8:00 am. – 6:00 pm.</strong> <em>SEMINARIO ANDINO AGROECOLOGÍAS, ECONOMÍAS Y TERRITORIOS</em> Organizan: ECO-PAZ / MAELA; Grupo TULL –Semillas de Educación Rural-; Maestría en Estudios Interdisciplinarios del Desarrollo.</p><p>  </p><p class=\"ql-align-center\">  <strong>MIÉRCOLES 20 DE NOVIEMBRE. AUDITORIO FACULTAD CIENCIAS NATURALES, EXACTAS Y DE LA EDUCACIÓN</strong></p><p class=\"ql-align-justify\">   <strong>8:00 am – 5:00 pm </strong>&nbsp;<em>FORO REGIONAL “GOBERNANZA, MITOS Y REALIDADES DEL SECTOR FORESTAL”</em></p><p>  </p><p class=\"ql-align-center\">  <strong>DICIEMBRE. FACULTAD DE CIENCIAS AGRARIAS</strong></p><p class=\"ql-align-justify\">   <em>SEMINARIO: CADENAS PRODUCTIVAS PROMISORIAS EN EL CAUCA</em> - Dr. Fernando García Rubio Director Ejecutivo Cenicaucho (Corporación Centro Nacional de Investigación para el CauchoNatural) - Ing. Iván Darío Gómez Gerente Técnico Nacional Fedecacao (Federación Nacional de Cacaoteros) - Parque Tecnológico del Café Director Tecnicafé</p><p>  </p><p class=\"ql-align-center\"><strong>FACULTAD DE INGENIERÍA ELECTRÓNICA Y TELECOMUNICACIONES</strong></p><p class=\"ql-align-center\"><strong>SEMANA FIET 2019</strong></p><p class=\"ql-align-center\"><br></p><p class=\"ql-align-center\">  <strong>MARTES 5 DE NOVIEMBRE – CAMPUS FIET </strong></p><p class=\"ql-align-justify\">   <strong>8:00 am – 12 m </strong><em>TALLER: EL MÉTODO DEL CASO PARA LA GESTIÓN DE PROYECTOS - </em>Ingeniero Cayo Betancourt</p><p class=\"ql-align-justify\">   <strong>2:00 pm – 4:00 pm </strong><em>TALLER: EL MÉTODO DEL CASO PARA LA GESTIÓN DE PROYECTOS</em></p><p class=\"ql-align-justify\">Ingeniero Cayo Betancourt</p><p class=\"ql-align-justify\">   <strong>2:00 pm – 6:00 pm&nbsp;</strong><em>FESTIVAL DE EMPRENDIMIENTO E INNOVACIÓN</em></p><p class=\"ql-align-justify\"><em>HULT PRIZE ON CAMPUS UNICAUCA.</em></p><p class=\"ql-align-center\">  </p><p class=\"ql-align-center\">  <strong>MIÉRCOLES 6 DE NOVIEMBRE - CAMPUS FIET</strong></p><p class=\"ql-align-justify\">   <strong>9:00 am – 12 m&nbsp;- Casa Museo Guillermo León Valencia</strong> <em>FESTIVAL DE EMPRENDIMIENTO E INNOVACIÓN</em></p><p class=\"ql-align-justify\">Feria de semilleros, grupos de investigación y programas académicos de la FIET</p><p class=\"ql-align-justify\">   <strong>9:00 am – 12 m </strong><em>ENCUENTRO ACADÉMICO REGIONAL REDIS</em></p><p class=\"ql-align-justify\"><em>EXPO PÓSTER:</em> trabajos de grado y semilleros de investigación</p><p class=\"ql-align-justify\">   <strong>8:00 am – 12 m </strong><em>TALLER: EL MÉTODO DEL CASO PARA LA GESTIÓN DE PROYECTOS</em></p><p class=\"ql-align-justify\">Ingeniero Cayo Betancourt</p><p class=\"ql-align-justify\">   <strong>8:00 am – 9:00 am </strong><em>CONFERENCIA TET - IEEE CAPÍTULO AEROESPACIAL &amp; FUERZA AÉREA COLOMBIANA</em></p><p class=\"ql-align-justify\">Ingeniera Giovanna Ramírez</p><p class=\"ql-align-justify\">   <strong>9:00 am – 12 m </strong><em>CONFERENCIA TET - UNIVERSIDAD DE MEDELLÍN</em></p><p class=\"ql-align-justify\">Ingeniero Alexander Galvis</p><p class=\"ql-align-justify\">   <strong>2:00 pm – 4:00 pm </strong><em>FESTIVAL DE EMPRENDIMIENTO E INNOVACIÓN</em></p><p class=\"ql-align-justify\"><em>HULT PRIZE ONCAMPUS UNICAUCA</em></p><p class=\"ql-align-justify\">   <strong>2:00 pm – 4:00 pm&nbsp;</strong><em>ENCUENTRO ACADÉMICO REGIONAL REDIS - TALLERES FIET</em></p><p class=\"ql-align-justify\">   <strong>2:00 pm – 4:00 pm&nbsp;</strong><em>CONFERENCIA TET - IEEE COMPUTER &amp; UNIVERSIDAD SANTIAGO DE CALI</em></p><p class=\"ql-align-justify\">Ingeniera Claudia Zúñiga</p><p class=\"ql-align-justify\">   <strong>4:00 pm – 5:00 pm&nbsp;</strong><em>ENCUENTRO ACADÉMICO REGIONAL REDIS</em></p><p class=\"ql-align-justify\">Expo póster: trabajos de grado y semilleros de investigación - anuncio de ganadores y cierre</p><p class=\"ql-align-justify\">   <strong>4:00 pm – 6:00 pm&nbsp;</strong><em>CONFERENCIA TET - IEEE COMSOC &amp; UNIVERSIDAD ICESI</em><strong> </strong></p><p class=\"ql-align-justify\">Ingeniero Andrés Navarro</p><p class=\"ql-align-justify\">   <strong>5:00 pm – 6:00 pm&nbsp;</strong><em>FESTIVAL DE EMPRENDIMIENTO E INNOVACIÓN </em>Hult Prize OnCampus Unicauca -<em> </em>anuncio de ganadores y cierre</p><p class=\"ql-align-justify\">   <strong>6:00 pm – 7:00 pm&nbsp;</strong><em>CUMPLEAÑOS 59 DE LA FIET</em></p><p class=\"ql-align-center\">  </p><p class=\"ql-align-center\">  <strong>JUEVES, VIERNES Y SÁBADO: 7, 8 Y 9 DE NOVIEMBRE - CAMPUS FIET</strong></p><p class=\"ql-align-justify\">   <strong>8:00 am – 7:00 pm&nbsp;</strong><em>8VO SEMINARIO TET 2019 SEMINARIO DE TECNOLOGÍAS EMERGENTES EN TELECOMUNICACIONES.</em></p><p class=\"ql-align-center\">  </p><p class=\"ql-align-center\">  <strong>MIÉRCOLES 13 DE NOVIEMBRE - CAMPUS FIET</strong></p><p class=\"ql-align-justify\">   <strong>9:00 am – 10:00 am</strong>&nbsp;<em style=\"color: black;\">BAILE DEPORTIVO, </em></p><p class=\"ql-align-justify\">   <strong>10:00 am – 12:00 m</strong>&nbsp;<em style=\"color: black;\">MINI TORNEO DE BANQUITAS Y VOLEIBOL, JUEGOS LÚDICOS</em></p><p class=\"ql-align-justify\">   <strong>12:00 m – 2:00 pm</strong>&nbsp;<em style=\"color: black;\">RECESO/&nbsp;ALMUERZO STAND ESTUDIANTES, TARIMA&nbsp;DANZA</em></p><p class=\"ql-align-justify\">   <strong>2:00 pm – 4:00 pm&nbsp;</strong><em style=\"color: black;\">JUEGOS&nbsp;LÚDICOS A CARGO DE ISA</em></p><p class=\"ql-align-justify\">   <strong>4:00 pm – 5:00 pm&nbsp;</strong><em style=\"color: black;\">FINAL DE LOS TORNEOS</em></p><p class=\"ql-align-justify\">   <strong>5:00 pm – 7:00 pm&nbsp;</strong><em>PREMIACIÓN Y TARIMA MUSICAL</em></p><p>  </p><p class=\"ql-align-center\">  <strong style=\"color: black;\">JUEVES 14 DE NOVIEMBRE </strong><strong>- CAMPUS FIET</strong></p><p class=\"ql-align-justify\">   <strong>8:00 am – 9:00 am</strong>&nbsp;<em style=\"color: black;\">VISITA JOSÉ OTERO, REUNIÓN DECANO BIENVENIDA&nbsp;A LA FIET</em></p><p class=\"ql-align-justify\">   <strong>9:00 am – 10:00 am</strong>&nbsp;<em style=\"color: black;\">RECORRIDO INSTALACONES DE LA FIET</em></p><p class=\"ql-align-justify\">   <strong>10:00 am – 12:00 m</strong>&nbsp;<em style=\"color: black;\">REFRIGUERIO&nbsp;/ VISITA RECTORIA</em></p><p class=\"ql-align-justify\">   <strong>12:00 m – 2:00 pm</strong>&nbsp;<em style=\"color: black;\">ALMUERZO MEZTIZO</em></p><p class=\"ql-align-justify\">   <strong>2:00 pm – 4:00 pm</strong>&nbsp;<em style=\"color: black;\">CHARLA&nbsp;TÉCNICA : 5 5G ASPECTOS DE INTERFAZ FÍSICA</em><span style=\"color: black;\"> </span></p><p class=\"ql-align-justify\"><span style=\"color: black;\">&nbsp;Ingeniero: Víctor Manuel Quintero</span></p><p class=\"ql-align-justify\">  <strong>4:00 pm – 7:00 pm</strong>&nbsp;<strong style=\"color: black;\"><em>CHARLA </em></strong><em style=\"color: black;\">PARA PROFESORES ENFOCADA EN COMO TRABAJA 5G AMÉRICAS, ASPECTOS DE INNOVACIÓN Y TECNOLOGÍA, POSIBILIDADES DE TRABAJO CONJUNTO.</em><span style=\"color: black;\"> Ingeniero: José Otero</span></p><p class=\"ql-align-justify\"><em style=\"color: black;\">RECONOCIMIENTO</em><span style=\"color: black;\"> Ingenieros jubilados. </span></p><p class=\"ql-align-justify\"><em style=\"color: black;\">TORTA</em><span style=\"color: black;\"> cumpleaños Universidad del Cauca.</span></p><p>  </p><p class=\"ql-align-center\">  <strong style=\"color: black;\">VIERNES 15 DE NOVIEMBRE </strong><strong>- CAMPUS FIET</strong></p><p class=\"ql-align-justify\">   <strong>8:00 am – 9:00 am</strong>&nbsp;<em style=\"color: black;\">CHARLA PARA PROFESORES ENFOCADA EN CÓMO TRABAJA 5G AMÉRICAS, ASPECTOS DE INNOVACIÓN Y TECNOLOGÍA, POSIBILIDADES DE TRABAJO CONJUNTO</em><span style=\"color: black;\">. Ingeniero:&nbsp;José Otero</span></p><p class=\"ql-align-justify\">   <strong>9:00 am – 10:00 am</strong>&nbsp;<em style=\"color: black;\">REFRIGERIO</em></p><p class=\"ql-align-justify\">   <strong>10:00 am – 12:00 m</strong>&nbsp;<em style=\"color: black;\">REUNIÓN CON DEPARTAMENTO DE TELECOMINICACIONES -&nbsp;</em><span style=\"color: black;\">salón 228</span></p><p class=\"ql-align-justify\">   <strong>12:00 m – 2:00 pm</strong>&nbsp;<em style=\"color: black;\">ALMUERZO CARANTANTA</em></p><p class=\"ql-align-justify\">   <strong>2:00 pm – 6:00 pm</strong>&nbsp;<em style=\"color: black;\">RECORRIDO POR LOS CLAUSTROS DE LA UNIVERSIDAD.</em></p><p>  </p><p class=\"ql-align-center\">  <strong>VIERNES 28 DE NOVIEMBRE - CAMPUS FIET</strong></p><p>   <strong>2:00 pm – 7:00 pm</strong>&nbsp;<em>CHARLA: SEGURIDAD INFORMÁTICA</em><strong>&nbsp;</strong>Ingeniero: Siler Amador.</p><p>  </p><p class=\"ql-align-center\"><strong>FACULTAD DE CIENCIAS NATURALES, EXACTAS Y DE LA EDUCACIÓN</strong></p><p class=\"ql-align-center\"><br></p><p class=\"ql-align-center\">  <strong>NOVIEMBRE 13 DE 2019 - FACULTAD DE EDUCACIÓN</strong></p><p class=\"ql-align-center\"><br></p><p class=\"ql-align-justify\">   &nbsp;<strong>2:00 pm – 5:00 pm</strong>&nbsp;<em>UNICAUCA ACTIVA DE CORAZON – VICERRECTORIA DE CULTURA Y BIENESTAR </em></p><p class=\"ql-align-justify\"><br></p><p class=\"ql-align-justify\"><em>CAMPAÑAS DE SALUD DE LOS PROGRAMAS DE LA DIVISIÓN DE GESTIÓN DE&nbsp;SALUD INTEGRAL Y DESARROLLO HUMANO.</em></p><p class=\"ql-align-justify\">·&nbsp;&nbsp;&nbsp;&nbsp;&nbsp;&nbsp;&nbsp;&nbsp;Tramados (programa para la prevención del consumo de sustancias psicoactivas y otras adicciones)</p><p class=\"ql-align-justify\">·&nbsp;&nbsp;&nbsp;&nbsp;&nbsp;&nbsp;&nbsp;&nbsp;Salud mental</p><p class=\"ql-align-justify\">·&nbsp;&nbsp;&nbsp;&nbsp;&nbsp;&nbsp;&nbsp;&nbsp;Salud sexual y reproductiva</p><p class=\"ql-align-justify\">·&nbsp;&nbsp;&nbsp;&nbsp;&nbsp;&nbsp;&nbsp;&nbsp;Detección y educación en VIH/ SIDA, SIFILIS Y CLAMIDIA</p><p class=\"ql-align-justify\"><br></p><p class=\"ql-align-justify\"><em>DIVISIÓN DE GESTIÓN DE LA RECREACIÓN Y EL DEPORTE</em></p><p class=\"ql-align-justify\">·&nbsp;&nbsp;&nbsp;&nbsp;&nbsp;&nbsp;&nbsp;&nbsp;Baile deportivo</p><p class=\"ql-align-justify\"><br></p><p class=\"ql-align-justify\"><em>DEPARTAMENTO DE EDUCACIÓN FÍSICA, RECREACIÓN Y DEPORTE. </em></p><p class=\"ql-align-justify\">·&nbsp;&nbsp;&nbsp;&nbsp;&nbsp;&nbsp;&nbsp;&nbsp;Tamizaje de riesgos cardiovasculares </p><p class=\"ql-align-justify\"><br></p><p class=\"ql-align-justify\"><em>PRESENTACIÓN DE SERVICIOS DE LA VICERRECTORÍA DE CULTURA Y BIENESTAR. </em></p><p class=\"ql-align-justify\"><br></p><p class=\"ql-align-justify\">   <strong>3:00 pm&nbsp;&nbsp;&nbsp;</strong><em>ENTREGA DEL GIMNASIO AL AIRE LIBRE FACNED</em></p><p class=\"ql-align-justify\"><br></p><p class=\"ql-align-justify\">   <strong>5:00 pm</strong>&nbsp;&nbsp;<em>APERTURA EXPOSICION DE FOTOGRAFIA: HISTORIA Y MOMENTOS FACNED</em></p><p><br></p><p class=\"ql-align-center\">  <strong>NOVIEMBRE 14 DE 2019 - FACULTAD DE EDUCACIÓN</strong></p><p class=\"ql-align-center\"><br></p><p class=\"ql-align-justify\">   <strong>8:00 am – 6:00 pm</strong>&nbsp;&nbsp;<em>APERTURA PREFERIA DEL LIBRO – FACNED. FACNED MUESTRA SU PRODUCCIÓN INTELECTUAL</em></p><p class=\"ql-align-justify\">   <strong>9:00 am – 4:00 pm</strong>&nbsp;&nbsp;<em>PRESENTACION TALENTOS FACNED</em>: Expresiones musicales y culturales de la facultad</p><p class=\"ql-align-justify\">   <strong>4:00 pm – 6:00 pm</strong>&nbsp;&nbsp;<em>TARDE DE GALARDONES FACNED: </em>Docentes, Estudiantes Y Funcionarios Destacados.</p><p class=\"ql-align-justify\">   <strong>6:00 pm</strong>&nbsp;&nbsp;<em>EFEMÉRIDES UNIVERSIDAD DEL CAUCA, TORTA Y BRINDIS - PRESENTACION MUSICAL</em></p><h1>  </h1>',1,'2019-11-07 00:15:55.303227','2019-11-07 00:15:55.303254'),(117,'popayan-ciudad-libro-2019-ya-esta-aqui-11-2019','El próximo viernes iniciará “Popayán Ciudad Libro 2019”. Este evento contará con la presencia de más de ciento veinte escritores locales... ','<p class=\"ql-align-justify\">El próximo viernes iniciará “Popayán Ciudad Libro 2019”. Este evento contará con la presencia de más de ciento veinte escritores locales, nacionales e internacionales y con alrededor de cien actividades distintas entre presentaciones de libros, conferencias, talleres, galas de poesía y conciertos musicales. Esta segunda versión se llevará a cabo hasta el 24 de noviembre en las instalaciones del Centro de Convenciones Casa de la Moneda.</p><p class=\"ql-align-justify\">El acto inaugural de Popayán Ciudad Libro se realizará el próximo viernes 15 de noviembre en el Paraninfo Francisco José de Caldas. En este se efectuará un reconocimiento a la editorial de la Universidad de los Andes, Ediciones Uniandes, y al poeta caucano Horacio Benavides. Adicionalmente, la Banda Sinfónica de la Universidad del Cauca, dirigida por Dirigida por Carlos René Ordóñez, hará una intervención musical. Esta actividad además de dar paso a una programación amplia y variada, dará cuenta de lo que serán cada una de las presentaciones culturales que cerrarán las jornadas durante los días de feria.</p><p class=\"ql-align-justify\">Este proyecto tiene como objetivo fomentar la lectura y la escritura en la comunidad payanesa, pero también apela a la idea de ofrecer a la ciudadanía una alternativa de programación cultural de calidad. Es por esto que la feria es un espacio incluyente donde cada uno de los integrantes de la sociedad se sentirá identificado, es decir que, desde los expertos literarios hasta las amas de casa, pasando por los universitarios y los estudiantes de colegio, podrán encontrar temas de su interés que les permitirá interactuar con productores, comercializadores y especialmente con los escritores invitados.</p><p class=\"ql-align-justify\">Teóricos, poetas, novelistas y periodistas, entre otros, confluirán en un mismo lugar para reflexionar en torno a la importancia de la lectura y escritura. Representando al departamento del Cauca estarán grandes figuras como Juan Cárdenas, Juan Esteban Constaín, Andrés Mauricio Muñoz, etc. A nivel nacional se encontrarán escritores con una gran trayectoria literaria como lo son Giovanni Quessep, William Ospina, Umberto Valverde, Miguel Torres, Fabio Martínez, Carolina Sanín, etcétera. Finalmente, a nivel internacional estarán autores como Luciana Cadahia, Lina Meruane, Laura Paulina Alcócer, Carolina Zamudio, Umberto Senegal, Gabriela Vargas, etc.</p><p class=\"ql-align-justify\">Es de resaltar que esta iniciativa es liderada por la Vicerrectoría de Cultura y Bienestar de la Universidad del Cauca, y organizada junto a la Fundación Universitaria de Popayán, la Institución Universitaria Colegio Mayor del Cauca, la Corporación Universitaria Comfacauca y la Corporación Universitaria Autónoma del Cauca; apoyada por el Ministerio de Cultura, la Gobernación del Cauca, la Alcaldía de Popayán y el Banco de la República.</p><h1><br></h1>',1,'2019-11-13 17:15:25.395036','2019-11-13 17:16:30.034383'),(118,'encuesta-da-satisfaccion-del-servicio-de-cafeterias-11-2019','La División de Gestión de Salud Integral y Desarrollo Humano, adscrita a la Vicerrectoría de Cultura y Bienestar, ...','<p class=\"ql-align-justify\"><span style=\"color: rgb(34, 34, 34);\">La División de Gestión de Salud Integral y Desarrollo Humano, adscrita a la Vicerrectoría de Cultura y Bienestar, quien realiza la supervisión de contratos de arrendamiento de cafeterías, invita&nbsp;a la comunidad universitaria a aportar al mejoramiento del servicio de cafeterías, diligenciando la siguiente&nbsp;encuesta&nbsp;que tendrá como objetivo determinar la satisfacción que se tiene frente a los productos y servicios ofrecidos por las cafeterías y restaurante estudiantil universitario.</span></p><p class=\"ql-align-justify\">A través del siguiente enlace podrá diligenciar la&nbsp;encuesta:&nbsp;&nbsp;</p><p class=\"ql-align-justify\"><br></p><p class=\"ql-align-justify\"><a href=\"https://docs.google.com/forms/d/e/1FAIpQLSfEj25mzQj1t5SyatxZEYm5Uz-rBfNZkKXVcR4GcFVBm_UV9A/viewform?usp=sf_link\" target=\"_blank\" style=\"color: blue;\">https://docs.google.com/forms/d/e/1FAIpQLSfEj25mzQj1t5SyatxZEYm5Uz-rBfNZkKXVcR4GcFVBm_UV9A/viewform?usp=sf_link</a></p><p class=\"ql-align-justify\"><br></p><p class=\"ql-align-justify\">Agradecemos su buena disposición para el desarrollo de esta actividad, de gran relevancia para la Institución.</p><h1><br></h1>',1,'2019-11-14 17:43:22.546679','2019-11-14 17:43:22.546706'),(121,'seminario-museo-en-territorios-11-2019','Seminario Museo en Territorios','<h3>Seminario Museo en Territorios</h3>',1,'2019-11-28 17:06:07.514632','2019-11-28 17:06:07.514658'),(123,'popayan-ciudad-libro-un-encuentro-con-la-cultura-11-2019','La segunda versión de Popayán tuvo una gran acogida por parte del público payanes. Durante diez días las personas pudieron disfrutar de ...','<p class=\"ql-align-justify\"><em>La segunda versión de Popayán tuvo una gran acogida por parte del público payanes. Durante diez días las personas pudieron disfrutar de conferencias, presentaciones de libros, talleres, galas de poesía y conciertos realizados en las instalaciones del Centro de Convenciones Casa de la Moneda.</em></p><p class=\"ql-align-justify\">Popayán Ciudad Libro brindó a la ciudad blanca uno de los eventos culturales más grandes del sur occidente colombiano, que desde ya se encuentra dentro de los acontecimientos académicos más importantes del país. Con una programación variada y más de 140 escritores invitados, Popayán Ciudad Libro sobrepasó las expectativas del público payanes. Docentes, estudiantes universitarios, directivos, escritores y la comunidad en general destacaron la calidad y organización del evento.</p><p class=\"ql-align-justify\">Durante diez días convergieron en un mismo lugar la literatura, la filosofía, la poesía, el periodismo, la fotografía, entre otras temáticas. Autores como William Ospina, Lina Meruane, Juan Cárdenas, Luciana Cadahia, Carolina Sanín, Juan Manuel Roca, Fabio Martínez, Andrés Mauricio Muñoz, Juan Carlos Pino y Paola Guevara, entre otros, reflexionaron a cerca de la producción literaria y académica que se ha venido desarrollando en américa latina.</p><p class=\"ql-align-justify\">Cada día de este evento contó con tres franjas importantes: en primer lugar estaba la franja formativa y pedagógica, que estuvo compuesta por los talleres “Leer es mi cuento”, “Leer en familia”, los realizados por el la Red Cultural del Banco de la Republica y el Ministerio de Cultura, entre otros llevados a cabo por el equipo de la División de Cultura de la Vicerrectoría de Cultura y Bienestar de la Universida del Cauca. Luego se encontraba el segmento académico y literario, que estaba conformado por las conferencias, presentaciones de libros y galas de poesía. Finalmente estaba la franja artística dentro de la cual se presentaron más de 15 grupos entre agrupaciones musicales y colectivos de danzas.</p><p class=\"ql-align-justify\">Según el director académico de Popayán Ciudad Libro, el docente y poeta Felipe García Quintero, las novedades editoriales presentadas tuvieron un rotundo éxito. Alrededor de 30 títulos atrajeron a más de 9.000 personas, desde el público común hasta el especializado. Es de resaltar que fueron más de 70 sellos editoriales que estuvieron presentes en el evento y visibilizaron el trabajo que han venido desarrollando. García también señaló que la ciudad necesita un proyecto cultural como este y que se seguirá trabajando para que Popayán Ciudad Libro pase ser de un evento de ciudad a un proyecto regional.</p><p>“El balance es muy positivo, realizamos las actividades que estaban agendadas que fue en promedio veinte actividades diarias, se desarrollaron casi en su totalidad, salvo la suspensión que tuvimos el día jueves por el paro nacional y el viernes en la mañana que se suspendió la agenda literaria, sin embargo ese mismo día a las 10:00 de la mañana, abrimos las puertas. Tuvimos casi unas nueve mil personas y contado con las actividades pre-feria estamos por el orden de las quince mil personas, además contamos con más de 70 sellos editoriales que se promocionaron en el evento y la asistencia que tuvo este evento cultural hizo que tuviera ventas importantes”, afirmó Deibar René Hurtado, Vicerrector de Cultura y Bienestar de la Universidad del Cauca y coordinador general de Popayán Ciudad Libro.</p>',1,'2019-11-28 17:10:04.671652','2019-11-28 17:11:21.988729'),(124,'dia-mundial-de-la-lucha-contra-el-vih-y-sida-12-2019','La Vicerrectoría de Cultura y Bienestar a través de su División de Gestión de Salud Integral, en articulación con la Alcaldía de Popayán ...','<p><span style=\"color: rgb(34, 34, 34);\">La Vicerrectoría de Cultura y Bienestar a través de su División de Gestión de Salud Integral, en articulación con la Alcaldía de Popayán, invitan a la comunidad universitaria a la conmemoración del día mundial de lucha contra el VIH SIDA, a través del Monólogo “El sida y sus metáforas”.</span></p>',1,'2019-12-02 16:25:05.683316','2019-12-02 16:25:05.683343'),(126,'de-un-aleteo-a-un-huracan-12-2019','Con el objetivo de conmemorar el día de la no violencia contra la mujer, se propone el desarrollo del foro: \"de un aleteo a un huracán: ....','<p>Con el objetivo de conmemorar el día de la no violencia contra la mujer, se propone el desarrollo del foro: \"de un aleteo a un huracán: por la erradicación de la violencia contra la mujer\" quienes articulamos el evento, somos mujeres estudiantes, urbanas, artistas, madres, jóvenes, académicas, campesinas, afros,&nbsp;que buscamos contribuir a la abolición del sistema patriarcal, un sistema que por siglos nos ha sometido a soportar cualquier tipo de violencia en todos y cada uno de los espacios en los que hacemos presencia como mujeres.&nbsp;</p><p><span style=\"color: rgb(34, 34, 34);\">\"De un Aleteo a un huracán“, es un espacio abierto, en el que esperamos que muchas mujeres se sumen a esta iniciativa que se proyecta sea de largo aliento y nos encontremos todos los años en el marco del&nbsp;25 de noviembre, contara con la intervención de mujeres académicas desde lo nacional y regional que hacen parte de nuestra Universidad. Cuenta con el apoyo de la vicerrectoría de Cultura y Bienestar desde el proyecto de inversión Todos somos Universidad y el programa de género.</span></p>',1,'2019-12-04 15:38:45.316267','2019-12-04 17:15:19.222185');
/*!40000 ALTER TABLE `news_news` ENABLE KEYS */;
UNLOCK TABLES;

--
-- Table structure for table `news_post`
--

DROP TABLE IF EXISTS `news_post`;
/*!40101 SET @saved_cs_client     = @@character_set_client */;
/*!40101 SET character_set_client = utf8 */;
CREATE TABLE `news_post` (
  `id` int(11) NOT NULL AUTO_INCREMENT,
  `name` varchar(254) NOT NULL,
  PRIMARY KEY (`id`)
) ENGINE=InnoDB AUTO_INCREMENT=128 DEFAULT CHARSET=latin1;
/*!40101 SET character_set_client = @saved_cs_client */;

--
-- Dumping data for table `news_post`
--

LOCK TABLES `news_post` WRITE;
/*!40000 ALTER TABLE `news_post` DISABLE KEYS */;
INSERT INTO `news_post` VALUES (1,'Home Slider'),(12,'Inscripción a nuestros cursos, semilleros y seleccionados'),(13,'Nuevo edificio de residencias universitarias en Unicauca'),(14,'Agenda Semana Santa 2019'),(15,'Conmemoración 8 de Marzo'),(16,'Pre registro para Jóvenes en Acción Universidad del Cauca.'),(17,'¡Ya puedes acercarte a reclamar tu souvenir!'),(18,'Taller de Juegos tradicionales y autóctonos “Namui – Namui”'),(19,'Feria EmprendeSer'),(20,'Feria EmprendeSer'),(21,'¡Ven y rueda con nosotros! III Rodada Universitaria'),(22,'Primer Conversatorio de Diálogos Interculturales Popayán 2019'),(23,'Segundo Conversatorio Diálogos Interculturales 2019 La Sierra(C)'),(32,'Avance Ruta de Atención Para Casos de Violencia de Género'),(34,'II Juegos Intra-Facultades'),(35,'Iniciamos  “Unicauca Activa de Corazón”'),(36,'Divulgación de Participantes Feria EmprendeSer'),(37,'Categorías Educación y Cultura'),(38,'Diálogos Interculturales'),(39,'Torneo Interfacultades para Docentes y Administrativos'),(40,'Continuamos con la Feria EmprendeSer'),(41,'¡Llego la hora de ejercitarnos y saber sobre nuestra salud!'),(42,'ACTUALIZACIÓN Y RENOVACIÓN DE CRÉDITOS ICETEX 2019/1'),(43,'Programa de Jóvenes en Acción'),(44,'II Encuentro Internacional de Guitarra Clásica'),(45,'SER ESTUDIOSO CUENTA'),(46,'Resolución VRA 265 de 2019 (Se otorga permiso académico)'),(47,'¡Todos al CDU!'),(48,'Unicauca se Activa de Corazón'),(53,'Torneo Interfacultades Mixto Baloncesto - Docentes y Admin'),(54,'Se acerca noche de museos'),(55,'Red de Padres Unicauca'),(56,'Hacia una Política Institucional de Inclusión'),(63,'5 Conv. Estímulos Proyectos de Cultura y Bienestar 2019'),(64,'Sexto Premio Regional de Arte Universitario 2019'),(65,'Ser Estudioso Cuenta'),(66,'Taller de Participantes Jóvenes en Acción'),(67,'Diálogos Interculturales en Santander de Quilichao'),(68,'Diálogos Interculturales en Santander de Quilichao'),(69,'Día del Estudiante en Sede Santander de Quilichao'),(70,'Salud en Movimiento'),(71,'La actitud, clave para cumplir metas'),(73,'Avanza política educación inclusiva en nuestra Alma Mater'),(74,'Convocatoria para formar parte Colectivo Musical VCB'),(75,'Unicauca Activa de Corazón, Sede Norte Santander de Quilichao'),(76,'Cierre de ciclo de Conferencias'),(77,'El Cuerpo en las Artes'),(78,'Inscripciones para el Voluntariado SSU 2019-II'),(79,'Temporada Música Instrumental'),(80,'Cuentos para salvar el semestre'),(81,'Unicauca Activa de Corazón: FIET en movimiento'),(82,'Posesión Rep. Estudiantes ante Consejo Cultura y Bienestar'),(83,'¡Unicauca está sonando!'),(84,'Temporada Musical 2019 Presenta: Ciprés Trío'),(85,'Adenda Nº1 Convocatoria 2019 de Cultura y Bienestar'),(86,'Adenda Nº 1 Convocatoria 2019 de Cultura y Bienestar'),(87,'Bienvenidos a tu Universidad'),(88,'Bienvenidos Unicaucanos'),(89,'¿Qué es Generación E?'),(90,'Inscripciones a Cursos Recreativos'),(91,'Adenda Nº 1 Convocatoria de Cultura y Bienestar'),(92,'Muestra de Emprendimientos Culturales y Creativos'),(93,'Unicaucanos rumbo a los nacionales'),(94,'Reflexión Universitaria '),(95,'Jóvenes en acción'),(96,'Ser Estudioso Cuenta'),(99,'Inscripciones Talleres Formación Artística'),(100,'Dialogos Interculturales'),(101,'Enculturate Facultad de Ciencias de la Salud'),(102,'Comunicado de la Vicerrectoría de Cultura y Bienestar'),(103,'Taller informativo y Pre registro para Jóvenes en Acción'),(105,'Jornada de Salud Oral en tu Facultad'),(106,'I Encuentro de Género y etnicidad'),(107,'Jornada de Salud Oral'),(111,'Ser Estudioso Cuenta - Apoyo formulación de perfiles'),(112,'Jornada de Salud Oral - Facultad de Artes'),(113,'¡Esta semana la cita es con el teatro!'),(114,'Jornada de Salud Oral - Facultad de Ciencias Humanas'),(115,'¡Unicauca está sonando!'),(116,'EFEMÉRIDES UNIVERSIDAD DEL CAUCA'),(117,'¡Popayán Ciudad Libro 2019 ya está aquí!'),(118,'Encuesta Da Satisfacción Del Servicio De Cafeterías'),(119,'Semana de la Cultura y Bienestar Universitario'),(120,'IV Rodada Universitaria Bike Unicauca'),(121,'Seminario Museo en Territorios'),(123,'Popayán Ciudad Libro, un encuentro con la cultura'),(124,'Día Mundial de la Lucha contra el VIH y SIDA'),(125,'Sexo & Café'),(126,'De un Aleteo a un Huracán'),(127,'I Seminario en Ciencias del Deporte y Prevención de Lesiones');
/*!40000 ALTER TABLE `news_post` ENABLE KEYS */;
UNLOCK TABLES;

--
-- Table structure for table `sliders_slider`
--

DROP TABLE IF EXISTS `sliders_slider`;
/*!40101 SET @saved_cs_client     = @@character_set_client */;
/*!40101 SET character_set_client = utf8 */;
CREATE TABLE `sliders_slider` (
  `post_id` int(11) NOT NULL,
  `position` varchar(100) NOT NULL,
  `description` varchar(144) NOT NULL,
  `active` tinyint(1) NOT NULL,
  `created_at` datetime(6) NOT NULL,
  `updated_at` datetime(6) NOT NULL,
  PRIMARY KEY (`post_id`),
  CONSTRAINT `sliders_slider_post_id_b3af1b75_fk_news_post_id` FOREIGN KEY (`post_id`) REFERENCES `news_post` (`id`)
) ENGINE=InnoDB DEFAULT CHARSET=latin1;
/*!40101 SET character_set_client = @saved_cs_client */;

--
-- Dumping data for table `sliders_slider`
--

LOCK TABLES `sliders_slider` WRITE;
/*!40000 ALTER TABLE `sliders_slider` DISABLE KEYS */;
INSERT INTO `sliders_slider` VALUES (1,'HOME','Slider principal',1,'2019-03-26 23:22:58.857000','2019-03-26 23:22:58.857000');
/*!40000 ALTER TABLE `sliders_slider` ENABLE KEYS */;
UNLOCK TABLES;

--
-- Dumping routines for database 'vrcb_db'
--
/*!40103 SET TIME_ZONE=@OLD_TIME_ZONE */;

/*!40101 SET SQL_MODE=@OLD_SQL_MODE */;
/*!40014 SET FOREIGN_KEY_CHECKS=@OLD_FOREIGN_KEY_CHECKS */;
/*!40014 SET UNIQUE_CHECKS=@OLD_UNIQUE_CHECKS */;
/*!40101 SET CHARACTER_SET_CLIENT=@OLD_CHARACTER_SET_CLIENT */;
/*!40101 SET CHARACTER_SET_RESULTS=@OLD_CHARACTER_SET_RESULTS */;
/*!40101 SET COLLATION_CONNECTION=@OLD_COLLATION_CONNECTION */;
/*!40111 SET SQL_NOTES=@OLD_SQL_NOTES */;

-- Dump completed on 2019-12-08 23:58:34
